"Appliances_Real","Appliances_Previsto"
50,60.9683681865862
60,70.4996053834737
230,131.117128732502
580,121.397202051657
100,103.525910833716
70,109.282478564418
190,121.348992857673
110,120.455309743819
100,-58.2481716584779
60,174.417507569258
380,85.3067412135826
370,107.035878405212
50,37.40419315873
50,41.6469851374145
40,37.5956953810192
20,40.112482542568
50,49.0405382669675
40,47.8748896275322
50,51.9993586451699
40,48.014901902139
50,40.8040664272715
70,32.4529812712161
60,65.2808493068685
60,118.661144093306
500,34.5169878073811
60,59.9950195961686
170,90.5607130401758
60,156.505607725834
140,117.039067651473
60,61.2646786844144
200,54.2796996779012
50,62.031204813412
40,31.8811608488573
50,31.5952910254094
380,168.784765830265
70,126.18458964292
30,53.2132333871401
50,54.7891453023286
60,49.6257598886247
50,48.3524554515153
50,31.425668436751
50,33.9579252805875
50,43.3650750979205
50,50.4158462162258
50,35.5752010168313
50,39.586752021607
40,41.4052223925519
50,41.0561568323398
40,42.289903272363
20,39.3015313196379
30,81.4483151521033
50,44.0650617202982
40,38.5744647544102
60,256.629367518398
70,140.905421974156
90,108.620044110404
40,41.2333765795858
40,42.6261303964853
90,91.3915537051259
90,119.479480335745
340,150.789837161693
380,354.729377380819
130,92.5438232962554
520,261.173468903134
30,25.9577206044888
30,33.5143965137527
40,46.0668100205128
40,67.6909785056855
40,75.0290639266257
50,59.4158481309609
40,44.529372405709
30,40.0175341252215
50,39.8331181524458
40,35.12621247125
30,33.4739679742769
30,36.8689134897825
40,36.4225397367617
40,40.9536411005978
50,42.8028597993936
50,40.6651057490073
30,84.4341265618433
70,81.998367408234
100,217.833021811818
170,105.047718606105
690,584.251579312438
260,203.636476878298
130,191.714350208816
320,348.376877808498
210,202.802558688157
210,166.941328894539
140,127.071728371567
50,65.3300184257389
60,214.144948910852
50,36.1367177488535
50,32.7886468346084
110,117.183617511445
90,50.2904106304747
110,264.334516878102
100,333.873257814231
360,262.402870925972
360,174.498345760653
130,118.651275100782
50,179.752612049932
50,55.2532024909967
30,46.6238204933435
50,51.3231933348154
50,51.3173064848307
30,46.5846496914006
50,50.0555485442821
60,51.5877994724433
60,43.3985908305106
50,52.4612269723041
70,106.576796195438
50,103.093157912601
50,101.163735231296
50,357.527005227163
150,397.833115892306
390,177.198515469253
390,453.805711230716
380,447.733654331017
400,416.187027178499
40,168.705376414556
60,31.7591840708714
380,32.8586641140666
130,45.7123369667099
60,68.5155640584602
80,337.887957322771
460,83.6438961893254
190,220.393903142016
80,163.463747454961
60,60.6598082704426
70,67.7993778453797
60,46.7569235994506
100,245.836595541282
140,146.375743300513
310,152.4032593031
330,169.659732798537
160,137.728009237779
280,168.717524953884
130,166.13915304562
150,157.8189489394
130,142.138329565807
490,276.417070555699
360,389.715575100023
80,296.756540165885
80,201.814147774229
70,135.826377750486
50,50.3316302099802
60,47.8980030278711
40,48.8587861185092
50,41.2858871739446
40,42.9568195805158
50,47.9758432124647
40,53.0911915985335
50,55.9570656692603
50,56.4925241716552
50,58.7171612827418
30,58.9517795000006
30,57.6977253434674
30,59.6162010324929
50,65.637026618719
50,75.4348373092808
50,73.6717533384475
380,369.769639054545
390,335.160725897807
70,291.798699498695
60,58.9784964961257
80,59.4918001110606
60,58.6568600177726
50,59.4951735945941
40,62.0149909864924
50,64.0655048085616
60,67.6002967738597
80,98.4147382575231
80,90.5014688210118
90,84.4674290208636
70,79.6307797598292
80,88.9825650074896
70,162.500402823379
80,65.4155924524136
150,41.3258065042843
270,212.834591440402
420,329.271771461127
270,372.991438204176
120,165.846314156687
110,124.145555182643
140,117.024521876271
450,107.69900788457
90,104.198353385057
80,121.324762250437
70,131.329449920226
50,52.1213292001447
50,50.2956520076803
60,47.9150188564095
50,49.5977886417319
60,45.2630849770712
30,39.5159149377292
30,41.2608059838838
60,38.5525284994404
50,41.5843546441598
60,42.4238292136275
50,39.9856475381939
40,39.0604733435673
170,95.6940584016682
90,232.70394654557
270,300.645700254081
400,190.411777132085
290,165.20848056324
90,74.4007833611401
90,69.4184937635309
130,112.667672190678
120,138.699950046998
120,222.325067684747
130,277.793604842897
120,311.012913681867
70,102.097264896664
80,81.841756585551
80,143.665439347586
130,146.807225183992
140,250.241695165698
100,96.5421995134295
90,81.7186585341323
110,122.444822931149
150,109.510790472418
50,114.809182990902
40,103.296131515883
50,95.1130138736602
50,88.4493839784435
60,71.4876935867612
60,66.5399073295769
50,53.4311033366292
50,40.8366657176248
50,37.9476150403741
50,36.8232751666707
40,40.3698095051744
50,114.322940152892
60,126.210528509469
50,44.3113333108461
40,38.5979321796164
40,35.3733743650028
40,35.1293201464879
40,36.4969670757559
50,38.4395192446995
50,39.5570120806037
40,35.7036476957948
40,37.052482891089
40,37.4386414623707
40,36.0349168204031
30,40.3196031321771
40,43.7152313023349
40,37.5318195955339
30,40.0602735553005
40,37.7323507210499
40,38.1135091493388
40,35.5442759198729
40,33.4367885117844
70,47.8163068928131
230,49.3761141364146
660,66.8693043225719
300,109.189609599854
100,85.5496897307912
480,184.417307479963
430,191.853217728467
630,234.829708473183
600,431.802143012769
560,591.738810285272
110,262.231888298074
50,56.2369892407198
50,43.1099537577274
50,41.0642341939959
50,39.3137805460173
40,38.6786128323872
40,57.7647028174714
50,45.6089693741365
40,37.1427526874805
50,26.7982755203815
50,28.430697872543
20,37.3105058887379
40,40.4988704343935
40,43.9220719991062
40,45.4977872995431
20,29.713048064728
50,32.2101168585715
40,42.176616130951
40,43.4294642362991
50,39.6226608247634
20,29.0226210051473
30,41.4043228157891
50,59.6760828998278
40,61.6625947215675
40,61.6497751817485
40,66.8779266388349
140,191.419223951627
110,192.63237873547
120,214.072454046577
120,183.661225808221
470,451.342606157983
450,119.255457211018
110,97.3975119650408
100,113.383903345256
120,40.1772676411216
40,79.3919224581284
30,38.9361990429116
30,40.7749564649226
50,40.640469183777
50,38.8118012562595
50,41.5784802804886
20,38.3956546798483
40,37.3579492969919
50,37.3560593735438
40,53.1879092397617
50,48.4847299397505
60,46.0237637250404
360,58.5716030665761
80,64.3370215232993
80,115.237169735794
90,85.3332119368475
60,108.762415013795
60,67.7136875807377
80,74.0935307699487
40,55.7152216722502
30,59.1412094984861
80,79.6834760542257
80,72.2925928850908
60,69.1115749437132
60,87.5442737832099
90,142.080492434638
830,160.983310737802
390,201.156618084284
160,128.061032020778
390,213.912335467983
420,386.720393680229
70,212.743655868356
50,72.2986332125028
50,117.193522628313
50,43.8923392556422
60,46.0056195484816
40,45.5489426314252
30,46.8792626359314
50,43.927884826364
30,47.1529521878607
30,56.3453770280676
20,36.4637559491735
50,49.7661787749985
60,83.151543312014
60,59.6944436775904
60,53.5306942739767
60,46.4540069494923
60,42.2206778376614
50,46.2961886844579
230,75.0362406187304
70,72.1239322980053
60,67.2586346943272
40,32.8502815330557
50,38.2272812850013
40,43.4331275524927
40,45.7703106835572
40,33.5092395680132
110,296.002415458371
1070,156.481515956972
890,245.818220439045
460,137.402725940661
330,320.894712750983
90,170.826750439095
40,295.763145077046
30,48.4153971664009
40,65.1938464257724
50,65.9789079086791
40,61.6433970485132
40,120.612906547236
40,50.3008659936258
30,41.7333149356709
20,42.2306357901655
30,34.4053144499259
30,41.0370516568194
40,39.1847796476573
20,36.2951598902801
30,36.9347558343189
50,38.0480382509322
50,37.9115753354286
40,34.8516316887513
40,48.5808026137489
50,59.6329739480312
60,55.8293908642567
50,50.1247833659426
60,48.2212437569654
30,46.822353670387
400,46.597930678525
30,38.9919831558604
40,39.9662339443701
40,40.9642493470411
40,31.2724321641811
30,31.4547072939252
20,33.8807334224858
40,35.2672912086742
40,36.7951591021682
40,39.9942570421818
40,39.9003537237462
30,38.4693351977453
20,38.4904753968223
40,33.9469823284505
40,31.2663174296057
50,34.7944100943477
40,32.6607962482764
50,31.7463549539292
40,30.9809881254288
40,36.39069749193
30,45.6780299339759
50,43.0938331349832
20,42.559951359168
20,41.8398086906445
40,44.5996286736567
10,38.3781902047235
40,43.3080682206976
40,35.3858028118989
20,31.1138978373773
120,179.77172195828
130,142.338046660103
130,136.60380552821
120,130.080480106408
130,117.48642876253
130,117.755989281761
110,118.275520488283
120,125.840602821236
190,133.72815592137
150,140.324748618259
150,147.16401973654
150,153.239122947545
130,152.465843623361
60,57.3116428057282
40,93.4896053079982
70,62.6112019858766
120,135.118285562754
420,145.575062051653
90,120.516843084306
90,115.079275058867
100,96.1693579093598
80,102.109290297025
50,68.2015926520562
50,67.3786261019676
70,67.1143095258282
40,45.5996025728408
20,43.5790821299088
20,42.8531053143542
40,36.0341731030397
50,35.7773105921298
360,247.875950910777
690,227.309905057899
800,292.745524821724
140,238.742420638637
620,180.147740916647
180,323.420600503915
280,174.879791959506
80,52.2943063259646
90,46.3820337433029
90,70.44389146783
60,53.9998898938688
60,71.697053872972
60,53.1837484240842
70,68.8390941052523
350,87.399701972369
100,123.665570525538
270,58.869800102617
280,102.667033101851
90,87.1659743522864
90,150.137192644599
280,111.830557407953
40,41.2153817178074
50,42.4231747806135
50,46.6423311866816
50,47.7723525357977
50,49.1161254078179
60,49.7518069627161
30,49.258666345688
20,46.218016090431
50,53.2603009866959
50,52.5927719363545
30,41.2697508337413
50,45.4217936727759
50,47.9807589129605
50,50.0172692477041
50,49.5466401468602
50,45.8226086639513
20,42.9589926699352
40,42.3124431264533
60,45.4517762827001
50,43.7664931515505
50,55.393778380336
40,58.9525564747745
60,59.4660922327627
50,42.0387138144471
40,54.6923239564679
60,51.9767684556967
50,48.9363042114344
50,47.7307280129831
40,40.7864359924221
50,44.6187949978022
40,63.5719691878803
80,247.294214821508
60,59.0456200672398
40,48.097978435796
80,89.2922491712879
90,89.095520857702
160,364.523459707551
380,50.6775080845437
30,78.5400744255509
50,70.3117415464522
40,40.0714757015292
50,39.7849326947671
40,40.6702057553135
40,41.8733371059167
50,41.7576820930814
40,39.466352056583
50,40.7333113026631
50,41.5935634937494
50,40.1076487345673
40,38.6273549770525
40,36.4342655357348
40,72.5068337848691
40,35.1596077919433
30,42.678083489496
50,41.6222709045491
20,36.5463411727063
40,36.4928017003249
40,40.2224160908822
50,38.8001743039441
50,30.9533480146294
50,32.6320735199028
50,30.8050928998966
20,29.4684585841636
40,33.8287708874029
40,31.2101740863937
50,30.9123070560311
40,34.4689783057305
50,31.1393223646324
20,30.3740892903769
50,39.1460096575137
50,36.7709124723358
40,35.7219801432764
40,40.5611351437072
20,45.4254999581924
50,46.4201241127256
60,52.1751099106957
60,101.792482750686
60,70.2755355216619
370,83.3558211496387
370,166.809074396851
40,50.6204880547933
20,29.1976086799364
50,33.1658439776981
40,31.1981983311027
40,39.8592660250687
40,40.2101872227865
40,38.1960696004885
40,38.1659028450354
60,64.2064497998057
20,71.0519976786567
310,55.0312727246788
60,53.8875261349945
60,55.1362190181592
60,50.1076306120302
60,51.17200992711
50,46.1328196127509
20,28.797919898967
40,31.8139856679078
40,32.3481300036626
30,25.2910630756954
40,29.5821487683153
40,35.9733933322702
40,29.4474397862462
20,30.4180622286354
50,39.1469032799709
40,39.7994570039617
20,35.7527577163103
40,34.5823538490141
50,38.1382684936351
40,33.8373974034706
40,37.3886853680172
30,35.0339081355819
50,30.201978282484
40,42.0791941916585
50,38.1091536012673
40,35.0023488261427
30,37.8162461373628
40,39.5097344597104
40,37.4214527590092
40,36.3838389543008
30,34.0290205900592
50,40.7387678196091
40,37.8933331097663
40,45.1379450889362
40,38.2600616124472
40,31.4911592948468
50,32.4714291870129
40,31.2599569228063
40,34.1808523373797
50,35.1668637031191
40,35.6068839890904
40,28.1771633948485
40,34.0023909810978
40,36.6788316784271
50,37.3671348689284
50,41.0368866242572
10,38.6422435354355
50,38.56328037612
40,43.5982513590158
40,43.9528236923555
40,46.0256957122594
40,44.7281332391828
20,37.7853082877294
40,38.0505644500104
30,39.6431862266709
40,38.417574853022
40,32.6582178091912
50,34.7818438536175
50,34.0431469303558
50,31.3847109724512
20,30.6021301263273
20,32.9111037442461
40,34.6533451184942
50,40.8147151413092
20,40.0948635164082
30,39.8470332332876
50,39.9090930185182
40,38.4483212385568
40,37.9682536271571
40,36.2367108601004
50,34.5205670425545
40,37.985470403395
50,35.3121112143794
20,32.5419889250965
50,37.918131063175
40,34.3259780091629
40,36.3398940840634
30,33.4614177440673
40,32.1467687369867
40,29.0667906654158
40,26.2291500866639
50,26.1808104581149
40,24.7725880215744
60,29.4673794861511
40,29.0401956359496
50,29.3574510561726
40,29.4656577126098
50,36.5445283737725
40,40.874773871243
80,67.3449195260926
90,83.5971486182887
80,75.4182520346496
90,76.9600453670943
80,161.436131993518
80,63.2744549543223
80,59.3460762428739
50,50.2830021226296
50,49.1873551869049
80,52.1550541805683
40,45.1107184493464
40,37.2664771297508
50,38.6537864799852
30,36.6037403932987
40,32.1332554818855
50,31.9008049343166
50,35.7217436746689
40,39.2314379918613
50,41.5384328606133
30,40.5773209853012
20,37.42935131646
50,43.3938145521308
60,46.2641493596055
50,39.2210394153459
40,42.9462682144928
30,47.0004694156965
50,52.7237983764865
40,58.7351752551519
100,190.312709884953
60,198.507358009187
50,177.507276910715
40,100.576280797975
70,145.210818513813
430,361.474633048461
130,275.998098080545
100,138.951073759041
160,104.495102736676
450,117.660151317795
670,486.264025599149
660,637.560435203892
780,83.1616901254117
620,126.740038020121
90,104.782068192296
100,123.536998905192
60,148.651092280948
50,59.0275988710483
50,48.508791890149
50,48.0143419053717
60,47.5954056499836
40,51.8522340550871
40,49.8034652582004
40,38.9989489450091
30,40.5824823385759
50,43.1014712270682
40,46.6039070318063
40,47.233664748155
40,46.4767420038272
30,47.0702320417754
30,48.0149680862371
50,49.2442084402417
50,49.7511270519168
40,50.6294938145563
40,47.3282041887347
40,40.1098642255592
30,35.2080692713844
40,175.798712975408
350,192.956454257044
70,142.444730574745
50,82.9645495839317
450,428.968937343321
60,106.918940898289
140,117.393696056415
320,348.460620621012
220,155.525119135224
90,66.0127981853635
80,119.818623080034
80,63.6095450748504
90,67.4927078088304
110,149.339683150086
400,79.3802841850788
190,138.587627496286
140,451.436495133062
80,138.195187071168
200,128.60497673544
220,119.702919388889
100,105.89046706613
90,104.557089160963
100,87.5113379213666
90,72.8662519405683
50,33.2819178597528
60,39.2032483634455
50,49.505971492621
40,49.2275584228535
40,49.2105489768216
50,49.5689818257548
60,51.8307305013006
40,41.9422354290635
50,39.0013048266912
40,41.3280407236413
40,41.9180195235367
40,50.6285310586898
120,89.7244736094598
370,46.775607718801
330,101.419957257232
60,42.3856877341853
50,41.2335639654776
50,68.0230925411187
30,75.6755252560727
60,200.194064938548
70,472.84519608699
40,582.815360182511
470,680.617072063389
360,409.075264006347
260,61.8712817216867
420,40.6951481989003
70,267.403439604576
510,361.38622549196
260,181.515413665522
280,307.037196408364
230,236.646429804513
270,168.825840029832
430,147.206477988811
120,247.413895009532
110,260.481707595619
120,265.770379412743
580,152.421640751404
350,138.879397602201
80,103.629834653248
80,121.828925196494
70,122.280223330245
80,129.789576692729
70,43.561559126603
70,62.7377113570706
60,61.4022745243768
40,54.0080755448776
50,48.1720501190707
50,46.7276956032998
40,44.4569121027798
50,40.7484407127287
50,39.6587102379049
60,72.0068488461978
320,53.473600255714
200,52.5539121561517
40,69.4636319813868
80,62.2480111479621
130,77.6466260596476
70,61.501362788795
90,61.3901153688698
40,95.4923002366484
70,180.978893929868
50,69.8041854261447
70,71.3639578456437
60,52.3987243375711
40,44.0904500886763
100,102.01050460486
100,128.382626064697
100,140.19174649344
90,105.964087338124
120,103.845218093835
120,107.287317697066
90,89.45405052028
80,66.2977422582023
70,52.2766262827624
70,56.0855663837112
50,60.2965288596773
60,75.5868386242194
50,66.3290485752976
60,71.8966799304717
60,61.6136904810181
70,62.5418976875765
60,55.8167953269648
50,55.6886110064083
60,54.8565542557551
50,56.5572624343489
60,56.5199970075862
100,52.9232161290669
90,49.5599831270041
310,191.783629693032
90,190.098057207154
90,195.306763294229
350,98.0736775707937
340,87.8919383895203
220,87.8842734806425
90,95.7163864239813
70,68.209109046122
90,80.2365029943822
420,189.72615969909
160,112.380350836134
110,136.338795782422
350,195.233455427408
270,310.428664634207
170,236.905665301018
280,148.667493003162
110,133.269279383456
110,153.820772725193
170,138.470371722227
100,136.945910960225
140,183.216676755277
120,184.834834267025
120,155.886114417777
130,109.495283061245
70,107.072186613851
60,74.9341692857926
30,56.0838224580987
20,53.7486137496178
50,54.3145432196549
40,52.1628475315408
50,48.5886024769971
50,40.3399724923618
50,40.1504282512619
40,35.0779967503747
40,41.1283854104596
50,42.5418074596113
50,42.4805541557321
50,37.4863046363616
30,39.3435406873214
40,151.602269321088
60,55.9731036848962
60,93.8146515715035
80,140.197487149633
50,68.2436721942104
60,114.878122451282
80,101.59535472314
60,225.459314702736
240,224.546530596875
220,262.774536212575
170,71.6999320336973
100,105.974321256217
100,108.844071821516
90,511.498980390779
500,126.608443793172
110,125.595708297471
50,66.96509984863
70,58.0380663668727
20,28.9191199539185
30,34.5263812546586
50,42.1507276323198
40,38.5263622613826
50,33.9477717722894
50,34.6538985703773
50,36.5143842972949
40,38.8824273124521
40,42.9959893412114
50,29.0515431108965
60,29.718399034689
60,54.1376537974603
50,53.5439362258157
40,50.110897425428
40,50.5577649918307
20,46.4013144502322
60,59.2885912289343
60,66.7419943497072
150,65.3055978207278
80,61.1659509625535
60,58.8935983128687
70,48.5464136837423
50,54.7699738780319
40,55.8636989596358
30,43.7275602356636
20,37.7891503407005
60,48.3276268981004
60,44.3344959384173
50,54.5877776322015
50,60.0295709974882
50,65.6729165948422
80,72.4641609757464
540,133.057381386757
220,115.687233054399
120,120.690292815134
90,89.5943662973843
100,72.2846832043002
80,65.3564033181264
30,35.1127616025333
40,50.8997791084006
50,50.5460117298006
50,44.8766639888916
40,43.534859792461
50,41.0783836441741
40,38.9061961219956
30,37.1659775549489
50,36.468894158667
50,37.7204958602516
50,47.6331482137507
50,47.0364095896878
40,48.3754831168919
40,48.8386629255609
50,50.0515157046988
60,50.5232866147645
20,62.268487805716
60,61.663117936543
40,78.48864134519
50,82.9277537677246
40,91.3964749469964
50,51.3360063549405
70,83.6704801386152
70,72.50734268102
70,125.259593201742
50,71.6151213571318
60,79.9311334727401
70,102.768009224028
340,211.295946052013
420,176.118140378729
230,199.269131723952
440,231.88513981824
250,163.316137527144
370,96.2895464210996
270,93.3831298864634
90,94.7642490922039
100,90.7513381262456
90,100.423119198322
70,112.399520693818
70,82.6063677129303
70,79.1253689775471
40,50.7717913163295
50,49.4730835176789
50,47.4095956007918
50,40.7041840526297
50,40.3582750710136
30,38.9847434765756
30,37.6686895532671
20,37.1345080258627
50,38.6916298301227
50,48.983702805033
40,52.7210390995881
50,66.9609724189002
40,71.5152747268038
40,56.0104930538935
60,73.0462313680318
50,42.7962573056965
50,64.8103963393421
30,58.5123252175769
60,46.19564088173
50,74.8902455459365
130,79.0469198769707
40,56.3048177202793
140,42.4549437789895
50,37.0660325150805
50,46.2094415082689
40,52.2038613443779
70,87.4239069178511
80,42.7966181342758
70,91.0633163515801
90,91.4076060182966
60,118.46011987002
60,132.935459686606
100,112.419423666124
90,150.271172585369
100,104.29463079694
60,99.8117072868072
70,102.02577371754
80,102.277102641636
90,120.35629767311
80,130.382733795941
50,115.32890748802
40,48.4104912783762
50,47.1870794900127
50,48.7811588068801
50,48.2220296342864
50,47.6386125426801
40,47.8202673795728
50,52.1511810462673
50,53.1214846061635
40,49.2037159221169
50,40.8198667633975
30,31.993268239041
40,42.4651692264223
60,97.5325776504811
80,100.220027616211
70,88.0234494253144
70,97.0071308743106
100,126.964254151764
290,310.802832204909
90,113.189150588888
350,105.347941861544
520,435.10973814819
290,304.847573089847
230,348.573373592623
120,167.948865304901
220,316.462903562615
140,294.826429082823
140,301.789908468881
320,328.757222010495
390,147.792859467321
370,147.893102653837
100,342.382540841889
90,91.1106945037849
100,97.4312286952858
70,86.9882468220927
70,123.030293962069
50,80.2683492945927
60,71.7577746110378
50,152.751235785031
50,50.3387752784855
40,51.1125693891728
40,48.6355533855492
40,48.397018236588
40,46.8244636945934
50,38.2707767914735
50,39.7631716035482
50,48.6164538705095
50,50.6178799546795
50,49.6751408017978
50,51.4446250002063
70,66.6398996706587
480,52.9343406296292
530,62.8261420659198
100,182.413104293153
170,168.225729950637
350,317.683524027319
330,294.7359165978
120,129.500060055738
130,127.226260388805
160,124.982343252357
220,169.134300023422
160,163.347640514176
110,120.154137891995
120,125.07722306514
120,130.956670715213
130,300.409057689359
120,143.296768590977
120,117.375688013383
140,120.290083709165
340,206.182703653739
140,142.090316001497
150,150.649176196682
80,91.1114064987393
70,80.0936893131475
70,69.8268017327923
80,69.7167376358813
60,69.7015155835846
80,69.2745243253029
60,64.1998994593655
70,67.2916100687143
70,65.0996364727242
60,64.0485791428439
70,62.54844666377
70,65.7456048753296
50,44.0666792667813
80,104.552754513078
80,74.8221322250415
80,99.5818677007592
90,102.432991930555
80,116.321265745711
90,88.8093241519061
70,84.2112458143281
70,75.2022522158639
120,89.0337059016822
120,96.8628968176588
90,84.9013894574533
90,326.137559808388
120,508.234144165221
230,120.604766560637
110,158.450189602028
130,132.289421202683
130,144.852360680196
150,110.05675351481
70,69.6737121531714
70,77.4829635491637
60,117.011185605857
50,59.1538188080731
50,58.9233662992047
50,42.1172663110234
50,47.7553482722489
50,49.9288335704343
50,51.0142780173746
50,48.2435312101046
50,62.9767504726195
60,74.635808352209
60,77.3440005072456
70,69.6938460890944
50,87.4928603732523
90,106.956900151472
90,129.644506969721
100,202.631658919399
100,132.133821967773
210,130.436609010678
110,137.809278413359
120,90.0505877032476
110,127.526261850096
130,84.0722202254356
290,594.196501888828
130,175.798008984493
130,186.434588240804
120,119.402659914099
130,118.25478925902
130,138.172263480986
140,139.497293886203
130,135.595793798887
140,120.588260327115
90,121.310906158549
60,71.157534184763
90,68.0906204946765
50,45.6430462349503
50,44.505653149371
50,49.1943138405024
50,62.7983280797529
50,66.8368441143263
30,41.7264876774875
20,45.4664450183051
50,59.4971201794799
70,63.3083602544576
60,60.0535115183086
40,79.0360265237038
80,77.6148621931607
330,77.714960392461
50,66.1983827103458
310,308.787241075366
140,295.457644783436
140,282.22694270738
220,248.925275551572
80,102.829114298099
70,88.5806969703983
90,172.86633181925
100,196.781110502136
100,201.203477491462
110,151.373781056467
120,111.676850940686
110,108.641310998716
70,68.9082434545675
50,58.216470016084
60,69.5010735499595
50,60.8478757897807
50,63.4852304707442
60,84.3033771597885
70,73.0014303362608
50,47.8392663128362
60,46.9798281577935
50,49.9497106259087
50,51.5898239367244
50,55.5654795791012
40,59.664080436974
70,177.797580182477
60,228.92708486625
40,250.288314077946
50,58.3660381388845
80,73.105923514605
320,75.5795238095347
250,206.93514139648
100,98.7348948298686
220,134.751870449885
100,125.884200822612
90,106.733425119116
100,87.8628482557538
100,92.9580921677169
60,75.6977030787063
80,91.8611330804826
80,89.4084189253374
80,79.2777237307676
120,65.1626030089047
90,62.3342673034781
70,70.3207006353121
80,71.9464934631823
40,87.886078615254
60,97.0009364286248
60,52.1852164303944
60,53.6557368598223
50,50.4917939490036
70,45.6329827101513
30,52.8915894034851
140,67.4073146974575
100,162.641139961907
90,182.602250785072
80,191.260962564322
110,114.643581366579
60,99.8493767495707
400,216.92988563989
120,110.302340944165
70,115.084771077724
100,126.217634808074
240,109.240567420291
100,213.667486102511
110,114.718512451141
100,109.278307329149
100,106.80978668923
100,104.342203831526
110,113.119442485834
110,112.044943417718
80,318.880749254848
90,102.323547737058
400,310.129375668238
120,164.995358075848
120,157.647872395015
150,135.058404027798
130,132.439008055212
70,100.60723617041
60,68.706820671915
60,57.0578977648574
60,77.3527696733057
70,57.8865368449309
60,45.6936534130424
70,58.4425545639638
50,58.8715281679856
50,55.6317657794137
30,60.8118068003799
40,53.7695199023147
70,51.7346617626333
50,48.1215588661818
70,68.16738785252
40,41.621636076831
50,39.4724161063981
40,49.4394543226409
90,109.90795627504
740,194.77843821139
590,224.473975831208
280,251.189487373492
250,214.378101618963
50,230.656449239192
50,271.07582701938
50,270.865933143187
530,352.533892029206
340,92.2884740243235
70,32.8943622601008
50,48.5259132454012
40,44.0141365491778
60,173.637652477943
110,172.041247780893
290,136.635368257207
110,158.211266976018
150,145.959385962986
290,107.317199954286
100,86.8890356751273
100,84.9819355395692
360,83.4878070561773
270,79.8382136565112
90,91.3182005482497
50,34.7634280564974
50,51.7239403296319
50,54.7057752857752
40,35.8268092606483
20,38.3431955385242
60,49.8049584909875
40,42.8732083482505
40,40.9096830114675
40,46.2561949402667
50,40.7050006102063
40,43.3156092432215
50,103.494638779324
60,130.669774410842
40,90.4389744489266
40,201.039021219623
50,295.319282319678
150,256.831847019029
280,312.667432766614
190,175.397083806442
40,75.0609274004871
70,68.6822961589945
60,66.0268817595773
70,75.0495240752808
30,76.8055952234053
30,75.2745350182757
40,51.101255002908
50,56.516400813636
40,70.1647157090822
100,84.1166597894767
180,82.1618870515075
390,79.019985840303
120,258.641777204275
120,134.534225485013
90,206.295588344886
80,182.729676953906
110,162.226636812142
120,126.930433895513
110,132.629884890933
110,69.7522870113606
60,87.0505237464213
60,91.4815404927705
60,56.3660726482392
60,60.0643474330611
60,57.8127490598209
50,55.8691689410549
70,57.0026164270825
60,59.8352903072527
40,62.0771475525621
70,62.867790381662
70,60.0377154036372
70,94.5096674357765
60,54.5731162815516
50,122.591298736171
30,111.733419720424
20,98.2695340362019
100,67.0802638468394
60,76.5942728563852
50,60.4232529834374
50,61.9101622771605
50,65.9227331313735
50,52.1856711013061
60,52.84301611021
70,82.5792919787808
70,84.3650064067537
100,169.093356842626
80,59.7372681840982
130,109.151100727539
60,74.5540000656262
60,66.0602714295611
60,82.6858183384252
30,89.9291068857014
40,50.4342343334469
50,48.1245327300912
50,49.078339691757
40,46.440682563393
50,51.7230136917712
60,50.0188624347354
50,46.7676641436572
50,47.8067897373066
60,47.1248652991003
60,46.036667414445
50,46.4833448455899
60,48.9318834245962
60,49.9299644589398
40,43.3801215702424
50,71.4971058703547
60,75.0560701128924
60,59.5964537140071
50,75.0725740605503
150,80.7463934395939
60,63.9316926047093
540,102.324271591723
240,148.970770183742
50,31.0384826886101
40,25.6638802351066
50,27.6303733250585
40,26.6322366690744
80,76.9308897853853
80,88.5783279137217
160,108.926625039627
100,51.3929607292235
80,73.8856356040438
60,68.1682206892797
30,27.3825831641987
30,62.6868073075084
60,58.9563651181373
50,49.8083022987912
50,48.7803654625144
30,34.4329222995589
40,56.1223828835334
40,47.8772659417024
50,49.0474019859681
50,51.8742667896419
60,61.289852978633
40,49.4340039990068
20,48.8388255985626
40,35.182236515115
50,27.3484900372864
60,120.087269426305
40,22.936803765735
30,38.9956348366827
30,68.368900570234
170,86.6305417727691
350,353.697323848702
270,439.828661200188
320,463.944411335469
340,257.073215827911
140,257.56951832253
70,211.085825602018
110,118.883327319897
50,57.6930921951436
280,154.759178747894
200,161.652062037879
120,135.110767833376
50,109.548355112193
320,129.436924601016
310,151.93965309279
280,153.062695862579
180,88.3032726457829
90,133.258363829657
50,41.5142447684759
40,46.1800255338308
50,39.4725829479761
50,37.3319062589753
50,34.103195272823
40,39.2749161645962
50,39.3733551629466
50,43.9776986352541
40,106.663104094932
20,42.6733427182499
50,48.6729614502622
50,49.0806151423519
40,44.605643918779
30,33.0377465736052
40,40.9312724697526
40,37.5383562684209
30,38.3655201065544
50,39.6561184932034
50,41.566283696463
50,42.2216353208075
40,43.7993262713369
50,44.8475620099248
40,52.2173338629788
150,303.266196574886
150,257.246846729061
70,74.9606197612135
320,107.834672473642
90,120.592875327817
80,61.9182196766867
70,55.3262032304764
50,65.9690721146797
90,75.943420150937
90,86.9669094172732
100,104.98419515784
100,110.932499861126
200,154.622830443969
70,42.9170524433112
80,80.7595966828
100,99.8540921368915
60,56.0476109183367
60,89.5655195936077
70,53.1652830080545
40,44.5447986709737
60,42.42457963301
50,48.9158621048255
40,37.0733448499575
50,33.5910864068785
40,34.0058466302237
60,37.8080658980407
40,50.7076744770481
40,55.027702891035
50,57.5419484083043
90,61.0036035268931
50,56.5225798808858
150,47.2182934085348
60,43.9387635730292
60,42.9107156275357
80,43.3952922875733
70,110.521706074956
110,108.703710830494
80,119.423533982257
190,78.5094074989291
110,106.71191654925
100,111.391440806008
100,116.14985204098
100,202.145173050216
90,98.3098873619938
60,69.1304004760061
70,69.1258408420017
60,55.9080965081994
60,53.754832122909
60,53.1511866731975
60,53.2496976331664
50,51.4597326122337
50,74.2595027644967
60,50.2980755184788
50,47.7775469485853
60,49.0821163697765
60,49.4782831563332
60,51.2986444958529
20,50.8850467579528
60,59.9997995634476
50,57.1870624983369
50,65.3630029198835
140,73.7691648476284
50,31.670825331563
50,84.3841383370651
230,92.3528153213327
50,49.9280626503162
230,269.799327536817
100,66.9784190441383
120,91.7487484165316
50,46.6957307998982
40,32.6785725253324
30,50.4534966135726
240,95.8964409637422
240,230.211211742848
110,266.244751803894
70,58.5246463821802
90,121.809387215815
50,47.1012443016833
60,72.5427326273787
70,70.9281147902005
60,72.2038193803607
50,52.7130112348597
40,49.8720806399677
50,53.3241441494996
50,55.9764616681146
40,21.8734262047804
90,57.2710957241282
280,70.6478053838757
80,74.1428193725607
190,103.982009338676
160,96.0936513742328
40,48.5199017362385
60,9.5375307362083
60,57.4897549385245
50,104.781858080377
110,132.333271924872
130,221.573679146891
90,90.4175501793326
90,108.448793457699
60,54.1886180506156
50,57.5827818196207
40,58.032330536223
40,57.0211239011721
50,53.0878090085396
30,51.6707281964185
50,51.1405756300432
50,49.7639717919087
40,50.0641132800705
60,48.3722600203424
50,50.00724838262
40,52.4675268966964
50,48.5984638319124
40,51.7344440233891
40,137.738421372252
70,76.1317976202491
50,72.4698711830668
80,70.7153505249807
40,59.2002773629241
40,119.057644595113
80,55.8931805335298
50,36.7304390138684
40,48.6940951246313
70,53.3881558718591
120,70.7457120463282
70,63.7419797604261
50,53.892222961871
90,180.642698712165
80,179.156722910952
80,165.280193127958
230,151.118342167097
150,136.742762311751
90,113.712283389696
100,78.7220088627102
80,73.4485485684052
100,66.639664002409
110,79.304970606772
120,78.8660988192059
100,73.645760686277
100,95.9201200773402
70,60.6082588270707
160,112.843276178626
110,110.971023120381
70,92.6308038311148
70,87.3221664666042
60,84.5863770871124
60,119.313270367646
20,36.6593993497428
40,46.4117482246305
40,47.23247746208
60,43.9761401934682
50,45.1016986142428
50,45.0963074205976
40,40.9879587077653
80,67.4520246348567
210,70.6368476045815
260,78.3556430480155
110,145.569547056356
100,146.68186123882
100,154.500922007908
100,163.429188827149
100,203.839329054193
540,80.3974315084349
300,267.416780403748
110,142.297940848876
250,255.870409560445
230,227.924106500617
220,174.630235102017
80,63.3298033762239
80,69.6578887745052
70,72.3048928565773
70,137.730994477584
80,86.8109803989239
100,86.0930863822956
100,114.995824464403
130,118.937791526262
130,180.683409531889
60,115.730000425893
60,64.3925259863626
70,64.2293833946179
60,72.4407314417244
60,67.0864723230783
60,68.027018672113
50,46.5869422727173
50,49.9070584111458
40,48.6661079893659
30,40.2640645908118
60,49.1950641019914
40,39.0547441594677
50,35.9038341307337
10,38.8830012479037
40,132.57132218492
300,88.922103379283
210,100.930558839544
310,99.7609774885242
350,102.629642330293
140,102.856568661899
70,78.0229424998631
30,76.8041733961442
50,79.3347134958815
170,195.458235056927
60,72.2330158715134
40,67.5757639011435
40,61.8602797517437
40,37.0472895637451
310,128.144134969572
130,125.321528305233
100,139.109307035694
50,46.5177373638923
60,40.0095518831898
50,46.795978036275
40,36.4170041909013
50,38.9951678045614
40,43.0625531778081
60,43.8389501389472
40,45.8349106986999
20,47.7760808093026
50,47.282032538594
40,37.593515618059
50,36.1875602251594
40,45.5943729535452
60,55.6857563297823
40,68.7282742748382
100,127.152771070715
50,123.437876284961
330,164.70236075551
60,59.3354639412977
80,57.7695704311422
60,146.908652611836
60,49.408152490588
50,58.3678728678519
60,69.4575155469952
100,86.0245576816992
90,91.1744755608762
110,112.52547595488
110,115.657765629446
110,124.15627628177
100,87.3069630456899
90,64.733163585245
60,66.5260988196807
60,79.3222126960069
50,45.4221206788343
60,48.648770740787
30,44.5353862888417
60,48.5598138470638
40,41.1085568921168
50,48.0707568810938
90,58.2038130997329
90,64.2036018022896
30,85.8914911140184
50,81.9782496768985
50,50.6552388878675
50,47.0500731637151
60,41.832956388056
50,54.5628066864229
60,52.7119528058922
50,48.3098572623042
50,45.7395943348417
50,43.4266262544228
30,44.3174181434326
50,45.5471138920583
60,42.0704241105548
40,53.6301202109935
60,44.4727556287389
50,40.038894299305
40,43.3638894690115
50,36.6358523484077
110,124.546784903398
110,110.678282281695
70,100.835666000934
70,89.6437393919253
50,57.5290147583802
60,43.3392626413164
50,53.3224128382282
60,44.1830382098597
50,40.407984421189
60,42.6302697496816
50,48.0803039402319
60,45.9663724788117
60,42.1925075919243
60,41.57776630235
40,46.4741261973621
50,36.9899000194917
130,59.9275673010968
110,73.6704796597443
70,94.7242688542015
80,116.769981448167
50,234.229213050895
600,433.943420807516
140,239.542141732946
360,251.958498053538
260,149.609388660156
250,132.615236219303
100,273.588924319275
600,328.225433901467
370,300.79373985707
210,212.910225400109
610,183.281857900209
300,274.94753028384
100,79.8700101038767
80,77.3796502182624
80,89.3471394687027
110,103.363553374442
60,93.8498690096871
60,43.7929137483461
40,40.7706341432359
60,72.4716124797532
60,67.244875741883
50,67.9957702514911
60,70.3946062897735
60,60.659655783719
50,36.7087359430377
60,39.2449787645411
50,40.1153393724515
60,37.9105013845773
30,39.9487233505103
40,39.3723388785046
40,37.5676347364652
50,40.8748657928844
70,72.8533081650315
90,45.5501208273187
70,51.3351034184203
50,50.5999450333219
50,53.2267691716931
40,43.2580178341201
120,43.9397643358833
70,63.1087479817876
50,53.8798174222797
130,63.1946773183951
20,55.7398319467508
60,56.5545710562658
40,53.3300036017763
40,47.4681396511909
50,44.3002448227325
40,33.4193730236569
30,32.9412394148516
90,82.3980993203363
110,97.2879088374194
90,100.172919147584
100,246.551422446866
80,82.6378043009132
100,80.3248733571748
90,181.398172404497
90,172.046051745861
50,26.1049595060442
40,27.6699206885113
20,42.4843425135802
30,73.2441830713448
50,49.5243063833875
50,48.4757672831304
50,45.4623033938319
40,43.6031982883377
50,40.4120696552303
50,40.4961085481886
50,38.0324681117747
40,42.7983705418578
40,50.2562781202201
40,16.4077831654977
70,66.779542198496
210,94.170560578845
190,96.0212328430057
70,101.174961782566
70,111.7977413793
50,88.6639559064947
50,123.07417158454
80,55.4302556077333
100,67.3438046024021
70,62.4631139180247
60,69.6554752783137
70,76.4516230699435
80,72.0508270876138
80,84.6371546673815
220,256.676639171438
260,214.864878266786
250,226.582287956302
130,133.329181072184
130,113.480705732487
50,46.2186358155555
60,51.5806538941658
50,41.2894907459425
40,39.8056327996771
50,39.2620414409314
40,39.0366113253873
40,41.4151545746587
60,48.3607530792008
50,51.2239928800775
50,53.7691440955236
40,51.4786399794067
40,45.1386370950061
20,42.9924616512604
20,38.0804473285717
40,40.3060288965482
50,46.0403766121522
40,48.4740381840385
70,74.8528389628443
50,39.959686207201
50,41.4278475207966
160,103.997341182931
70,149.546365749619
50,51.4091502863372
70,74.854326649022
80,102.584888256303
250,91.0643353929104
330,126.111025521127
240,156.424914833217
80,167.716212714007
400,46.774811340038
100,49.0788449113619
50,58.133702464351
50,71.0891838462667
80,79.7449673854573
230,97.8281059874965
110,182.939566845894
110,77.3277080062333
90,79.1456042674293
100,68.1634085646342
120,127.700437785556
130,126.574221566011
100,85.4043145354443
80,91.0653633835126
90,72.6100943259948
40,53.3817584633621
50,55.265242769055
40,53.8308511138971
50,42.9273298321956
50,37.5647718896437
40,30.7904258639346
50,37.1485218259995
40,41.3117248115542
40,42.7779540869076
60,43.3292943469461
50,41.347955812198
50,38.4941851569154
50,16.4524984324538
80,32.5335995944629
50,40.0411672731256
50,40.0595183120102
50,40.5731550682059
20,37.99148761507
50,40.3950012029871
340,75.9242366862393
260,186.195656580208
260,224.954246284823
270,231.647765965866
240,241.547724056899
110,103.283295551848
330,137.272950946122
120,114.284423644835
140,124.903023974819
50,42.0849857187926
50,45.3609567704972
60,42.4544052003736
50,50.2902226705312
40,36.9717539220394
50,36.7849941162954
40,38.3754323629764
60,47.0271548017673
50,47.6236264154343
40,45.775776147096
50,44.2619311209057
20,40.4824882940233
60,40.9276509243357
40,43.7311871149217
30,40.3291167442435
40,47.5976258131224
50,50.7329804330248
70,54.4005507008415
80,95.3638771039677
80,96.7213523823828
80,76.1077023204316
80,91.297493631174
70,143.681533703604
610,87.9121183168006
120,81.7407488345467
90,97.9616917492486
90,102.154444147504
480,269.82721954471
590,404.755624629375
340,311.27194420743
140,117.710956209855
70,98.716519426082
320,111.721713259657
270,308.260768693423
80,93.0691652615778
70,103.078484566965
70,77.468541925652
130,82.1409724232894
80,86.1565284665688
80,58.3286516694496
50,42.5588007602239
50,41.1645774428349
40,40.4510855821362
50,39.9179663382312
40,35.8363078282482
50,41.1650770352062
50,38.4446904898409
40,40.2313650377516
30,42.2702734131418
50,37.4090227301409
50,43.1058441417064
30,44.4945119890675
50,96.206392762725
40,98.1178180002976
60,84.479629466271
80,87.3662715220646
60,86.9629869283434
60,91.5442952349693
90,79.8901076223187
80,81.3523723854706
60,69.7404341247716
80,214.454568883047
70,69.7390024600885
70,71.0139770914478
90,230.712629140583
140,325.907176874619
120,257.05108587573
80,255.188075220998
140,422.264636835518
80,111.524965768758
60,62.1236196445203
70,72.6657121167748
50,76.0764975176489
40,125.342310074693
50,55.6967898712322
50,46.7139389780913
50,48.7470992492759
50,38.6665785392376
60,30.3366619850006
40,35.4658215883304
60,38.7573676832195
40,24.7500444741201
30,35.5363336970931
20,38.7920320568829
30,48.4657137318615
40,52.2600399113045
60,51.3952966985883
50,52.4536948480161
60,45.3687512206103
80,42.6682191094912
150,105.545559890277
60,67.2713670580471
700,67.5551352491302
270,332.760061791077
630,459.79546666683
410,336.183220355736
50,226.053672140044
180,180.21506135356
410,202.325132371084
220,202.770246981986
90,72.4917406484949
190,127.185504956061
100,99.2946221145791
120,135.452856206813
120,118.728081948192
100,106.697373982956
100,89.2095342294264
90,71.3643568945713
60,53.3916937129473
50,61.6788375040346
60,63.4923478630283
50,44.0684552054201
40,43.3220825555079
20,45.3425002411398
30,48.3757074240005
50,44.8788220877599
50,38.875075790418
40,44.5302665918616
30,44.2088073122731
70,46.8112702657615
50,70.1065801462498
50,43.910550720955
50,37.0170206528039
40,55.6534349689726
50,54.1934041196825
60,45.1240773347078
70,57.6828368234249
220,61.5631657043619
50,78.8581670862389
60,59.854875547586
40,28.3157071021068
20,114.831787534774
60,31.6607857817191
40,54.0230702064288
60,60.7746753757462
80,143.551603756263
100,85.4893172098465
110,186.177284628871
120,265.950523814754
100,120.340768814916
100,72.9707901395526
50,41.5043599571352
50,41.2723390015507
40,39.3931341576931
50,42.493586950303
50,42.2662400578624
50,43.8676215485362
50,40.4963004208971
50,38.9155727198138
30,38.251807748338
30,39.2336642625013
50,46.4017365940198
40,46.9258068340233
60,44.6009897556987
50,46.5553104417717
40,42.6725053735726
40,37.5211750736459
30,39.0835589261891
40,48.4785912513534
30,81.2282897731136
30,118.038920792251
300,104.211759022719
70,105.047125726699
370,154.726822121386
60,78.5468991987732
60,65.9551051482638
90,74.0266594740884
60,81.4012553153042
110,107.952941335953
110,94.6155351833216
120,92.9910291327962
110,113.976244279872
80,104.191574488595
230,121.214679394808
140,80.3093873421044
130,93.6971584350408
130,122.26397984263
100,105.382473697529
30,63.7547645735965
40,82.3556190591006
50,76.1964375883635
60,66.2270165875966
70,56.5235538397262
60,51.1886033505048
50,52.8601140975162
50,52.3052841696725
20,44.6397930729555
40,41.6584724400171
40,43.7394072350706
50,48.2024425390971
40,45.7416025063293
50,42.7758177752047
40,42.7694985723489
50,36.4177600278482
40,34.4366691803066
40,34.7192041026839
20,33.1408800821608
90,38.078804113033
50,55.5790603168365
40,65.1157543439985
50,65.0636251097026
20,64.4131560095268
40,70.7413842415987
90,67.7147664653005
70,73.0412973209442
60,70.2565480386569
60,69.8070235556518
60,55.8824705486893
50,61.5251041188244
50,84.987431066104
50,47.2262976895899
60,53.6724805815942
120,139.882996635996
180,120.226618149322
140,202.440036040251
90,68.76030263269
80,70.2584704940418
50,79.5293861151668
30,51.7420911498806
30,51.0576011974953
50,50.7671491806725
40,47.9481100979791
60,45.7351611703797
50,52.5968163810146
40,56.5051958823498
60,52.7850237365931
60,40.4288991493506
40,36.8014092140118
50,41.7551273314909
50,43.535881027332
50,46.2521465445618
50,41.8441995701742
40,39.2911944494073
30,34.5431675026114
30,195.072263945771
80,37.1162522959513
40,66.3420099186327
70,89.2571805035773
280,100.642580664648
320,51.1399094974347
20,34.2758913034537
50,37.0658456131241
60,8.00033364557481
60,47.4893154503074
60,56.2509437284572
30,38.9162324401863
50,48.341814558151
40,55.8787357711216
100,89.6195704753248
250,89.5772138601278
100,326.127226722856
90,141.497713699512
110,289.2706003802
100,128.601799175241
100,125.950664519711
80,56.6259016914502
50,80.542136591067
20,34.1482570901727
30,61.7053396440857
50,58.8996655729927
40,57.3644533944714
40,39.8672796126435
50,41.0226882675267
30,40.1133803321545
40,45.973217550869
50,47.3571042152628
50,26.6062394062062
50,45.7541456166459
60,5.56326934772005
40,47.8304554768998
50,43.3890543692678
60,40.8177185430953
30,68.1470032313716
70,128.515449963003
50,83.6145218260148
50,61.9605328464377
40,63.1310312525442
80,110.548899324152
60,139.002842489741
180,144.550463244797
140,139.743883465816
160,156.001310969266
90,96.679922714376
100,90.468406715368
90,77.0867533999909
80,31.4494388769399
60,99.9226812245915
70,105.446434589597
80,97.8408253735663
80,101.432250181002
150,157.197824471891
420,205.551166132912
80,87.2237342903228
60,70.9906062132094
40,42.6038535853712
50,50.0578947038084
50,51.7631563359353
50,45.4457828717593
50,51.2632162653318
50,52.6069114549029
60,48.639107796661
60,50.4282514348395
50,53.6946027753462
70,55.3674707209464
50,50.4022233747296
40,48.305807474756
60,50.6264034070353
70,83.5086780491119
70,77.3695859320652
100,81.9746377584884
130,96.3540430802885
130,109.915633392335
50,57.226258368556
60,57.6803252801669
70,62.787912716604
60,101.100394471223
70,78.620355454971
70,53.0492591465039
50,61.4820063215984
70,60.0119412722912
40,49.3370768818071
70,47.6762246026403
90,84.148681731649
140,129.340870807735
90,107.634303891054
50,25.9991957969056
50,48.1223071009805
40,39.332515350841
50,40.5427974380031
50,46.2952452339253
40,48.9344564785877
50,51.7351725924528
40,54.8193596348883
50,52.3709531576905
40,57.664362036597
30,58.7486525932957
40,58.3908036097651
40,60.8591255806871
100,325.03502550103
490,519.103526688163
280,75.9529566791007
110,304.018590773476
230,88.3748533444332
240,289.32531018769
220,287.611325193165
190,310.25080317153
350,321.888731000576
210,307.093984259432
580,333.952304383457
140,127.115853291124
110,126.689465226202
90,101.973347701039
60,52.6736112640641
40,52.6765199700736
50,41.2817338233586
50,47.247401119081
40,47.4204544014577
50,47.7656241793445
50,47.0069042389088
40,79.2421471446122
40,83.8329100047218
110,78.5011024320654
70,48.4133138181761
210,42.0028227846222
160,49.2584537290013
50,61.438116010717
50,43.5196389406289
50,78.4732992909889
60,41.87295176595
60,60.286216611408
40,61.6256232412739
40,131.342699026433
60,86.3306058696124
90,149.65390121541
50,71.3901160747056
60,-3.47490234021539
60,33.1765912643833
70,59.121568072073
130,120.013910864527
90,129.724817957318
60,124.577902984626
210,106.037031977103
130,171.202728945638
280,85.5424409606152
370,88.391178306933
310,137.648679068641
70,71.2292201537266
50,52.96477985645
60,57.5737266382502
50,53.7346226925614
60,55.3768443380826
30,48.5290306232788
20,45.5157036310792
50,43.6600137524446
60,44.2772313524024
40,29.5233309330279
50,50.165258158368
60,41.8346264282109
70,101.864205231782
90,107.174545800562
300,332.788685759644
320,306.462816170866
210,269.142166776419
120,231.173657379246
50,222.381021388196
180,204.267456478586
110,111.077248422591
50,68.3475586976774
40,113.302653801007
90,30.7261888632133
120,71.6073105592899
100,146.49374496776
90,156.291649085239
530,339.468615802689
710,359.181046476867
90,211.872444704506
90,85.0730225764752
100,159.331462366138
640,310.104382932473
330,283.463080508717
320,364.137548320565
390,631.116311193658
760,228.384864722092
120,160.380292572448
140,161.070170731135
130,106.793865628734
100,83.2993059224379
90,77.935762477549
60,65.574768443134
40,48.7988337178264
60,42.0861922718865
30,39.7074853181858
50,40.2566390118191
40,40.7112291963235
60,45.2424534950034
50,47.1282901191372
50,46.3626930761957
20,48.1927685625975
30,49.8418072161881
50,54.4787872192799
50,60.0159046318448
260,316.030898683813
70,92.7227657522116
100,50.5002844434407
50,94.8203117970758
50,86.0358594873789
60,55.9161012875846
60,67.761440254389
40,20.8178990918209
50,80.6781341310955
70,73.280814342913
80,95.2432300852572
360,128.290718656865
590,155.070209825044
110,58.3452283428128
130,120.49385234877
140,129.295077910677
150,162.876795471355
90,139.314417290244
80,123.548377089324
60,76.6022035955326
70,119.340711291311
60,66.6137108333644
60,58.7093066252865
60,115.513507706785
70,65.3610315985746
50,43.527759858577
60,47.1714708278568
60,48.2558108032461
40,39.6786800898792
60,41.2991313656695
50,44.4560741165179
50,44.1862487687996
50,43.6982892988651
30,62.2272426398375
50,106.879786416077
20,68.5505251947196
60,77.2683339322983
50,90.2217284718073
40,32.9227441656741
40,37.0241120071382
90,57.3243355111498
50,41.4029460204315
50,44.577721794901
60,57.5500579490805
50,59.5122393540145
80,76.3919122303045
80,105.531512819196
70,102.597758792349
240,98.9221154205982
250,101.043889965874
80,87.7255651464308
70,83.984305361342
70,71.7182969881589
30,42.971039929369
50,52.8684226908638
50,49.5819807155417
40,47.895644130667
50,45.6003208603814
50,41.704432680919
60,39.0065112137024
50,39.02784462891
50,37.3139221888552
60,38.8129235784726
40,37.8560599524877
20,38.9593778189318
50,49.716545412242
60,58.9780859106566
120,32.4122411405628
350,43.33128566695
60,54.0213046469662
360,89.3409528813346
120,91.5170545031109
110,107.949150974561
70,114.925273184949
420,113.816244638247
230,109.164452633415
690,114.541855138563
410,107.34563177424
140,294.135323865919
110,299.106982591389
290,334.821437555546
90,96.981793463858
100,90.57553218553
80,70.8677220382235
110,74.3864391410743
110,97.7745398981805
120,136.079783081192
140,108.273573215776
120,105.634245230868
100,86.5075911406527
100,83.6865927175022
100,73.4097242997851
90,70.9448962884084
90,68.561395216273
50,54.6752569561167
30,66.3071855657227
30,49.4762006522184
50,50.2943786880945
60,59.1992405044564
50,59.609216277869
60,59.8789313313424
50,59.6790203865714
60,59.5273482808026
70,59.9592618529045
60,55.0723902077226
50,60.6179282893731
50,60.2669622163642
40,58.571141153176
40,58.3883178880809
60,57.4254335506576
60,52.2030894418066
80,76.4644041308219
100,109.242071868446
140,163.471340598816
130,181.1152647874
360,373.609509381315
150,164.1633482683
120,135.092278824832
110,132.450815543621
110,126.3153997098
80,95.7041618411881
80,80.4096480146115
100,92.8291861470388
80,101.753235896315
460,132.339823917488
120,135.756316721986
100,105.922742282988
220,192.009750252933
240,186.866168833563
190,156.019378756504
70,131.074747342985
90,102.22277201094
110,143.939941617285
130,123.906635104808
130,106.684957360354
40,55.6106002464062
60,39.1678511442946
50,60.1103355964884
60,60.5685023779609
50,58.3929044318742
50,57.2423175379811
50,56.432162069285
60,47.9516762621393
30,42.8983820474721
50,46.0202727987547
50,50.2533152813442
60,55.084879916476
60,141.802152586013
70,63.6351439699407
80,62.5126899753828
70,64.5033461902748
80,65.5064846527933
70,69.5689183090444
60,55.2063520647947
70,46.7885923448893
60,59.7411950377613
70,64.2017569009409
70,57.7848654662097
60,62.50834966125
40,46.2373982684207
60,52.7541357887209
50,48.3218422880999
50,54.1602304824592
50,58.9011275296579
40,53.5678512355502
50,75.3039605989754
90,77.554229760287
140,113.411912109682
130,131.013691242177
120,136.439617770001
70,92.8222360130687
70,72.6003469985945
60,70.5575399751622
60,47.1200668664271
50,52.1652993381908
40,53.2864784669068
60,49.2833859508336
50,50.203125666161
70,44.6913296374118
60,115.267657060418
40,63.0595434321506
50,42.5394006895144
50,52.6645556172809
50,56.2421369395355
50,55.1611147123995
40,44.0227917371517
60,48.5784107608781
30,46.986720847019
50,39.7711939979045
50,56.1063074494619
50,48.1924759736441
50,43.1906826479279
30,38.3198787062358
80,75.7041275383219
100,96.0643910186499
120,106.889959335356
320,152.077235331765
450,306.860703647693
100,147.899043998084
140,132.039361683437
160,117.877130615446
110,123.489195106879
120,124.349526625449
130,128.211076289715
70,70.8478199874683
40,57.9099217870016
60,54.1903501658897
50,52.2578721960922
60,52.0477735538597
50,51.0139562713216
50,51.5746722601941
60,48.8533634656153
40,45.1095304055602
60,53.6438839601073
40,56.7807048225513
50,48.3402689366595
50,59.0440262941281
50,60.4233891959927
290,46.0057736507223
330,77.9844280288565
280,82.1872296592643
150,86.7373763020865
60,95.6023361745501
50,102.970183387175
110,106.720038780343
410,112.827504671435
100,70.5546363573057
80,77.8168884213655
40,80.6887151445659
70,18.6764767948854
60,82.8057673145742
90,81.2747405706253
100,79.8758025667615
100,105.13241636948
110,109.852395961464
110,93.3390288480814
90,109.668893877823
110,121.633179255121
210,138.119990172228
140,140.862430041731
100,140.710030937031
110,131.813228782395
90,127.63147575955
90,143.990527779409
90,89.6693271292358
80,120.936438284921
60,45.460996169879
50,58.1168291267824
50,55.3525063712778
50,56.1807557677096
50,46.8287827665822
30,39.3261029657274
50,47.9957538783333
50,40.3687236729276
80,40.4146499047663
50,17.0337594204517
70,49.939531912849
60,59.534886693191
60,72.3738186757952
70,136.830385898561
30,46.3047224294785
50,46.5626755475178
50,55.385321858323
50,58.1962135121775
40,61.5476535164647
90,61.8182687279374
90,64.7099514056592
130,82.9902543310099
140,105.745901634946
130,106.42477043909
560,152.462616253069
190,124.54201198117
80,154.31175247309
90,145.073777078517
110,91.4259157387199
50,58.597878549572
50,50.7975486073162
30,44.4041352056961
50,48.4443790882671
50,50.1227099856436
60,53.4947792584492
50,55.6421784505161
50,50.1639270380772
50,41.630430268961
50,42.3550870592647
60,42.1475664323999
50,42.4383403862382
30,44.0685163456315
60,73.8448604310734
50,71.8401885372669
50,66.950151522379
370,75.5841124870536
80,114.862543310977
370,111.598581441517
780,134.731543733171
520,182.612721640156
600,374.825931685192
530,242.908416850703
240,244.821629646104
80,254.426916724861
60,263.835247379237
50,280.798060538556
280,257.785761367357
660,339.502816163936
310,285.739814640377
330,280.75041244319
320,179.563258496843
200,335.241231805868
180,221.764632566477
130,312.741232545359
110,147.267520331042
110,84.9983659596817
110,173.975532131182
70,130.405206909829
60,59.029808062369
70,58.5524787129053
60,55.2188873540107
50,53.9422276433192
60,52.5551484798417
40,50.8825455788406
40,51.9828891064081
30,53.3694378413067
50,52.9130730545955
50,52.9265580692375
60,52.6842985032538
60,52.0205665771953
60,46.6084335326423
60,49.7752313199893
50,50.221220067197
160,71.4774475224844
130,53.5687003993527
130,65.5959075872019
510,239.180456962996
500,258.871779463685
130,193.677827358311
140,72.6999673421255
80,86.1513579207125
70,63.3077631491708
70,62.2057196596702
80,58.7426214896009
100,97.138130421682
110,100.742720825397
110,110.080335888717
120,115.140770799002
100,134.832592157526
450,127.880425218018
170,126.350026740733
140,125.230564697381
140,124.654148719898
120,112.295705283053
110,114.133363590702
110,103.383759531443
60,55.6053684849474
60,56.1516592191802
60,56.2021843210074
60,52.3353911602052
60,57.9596522023149
60,61.6720965707142
70,67.2061953859909
60,63.8940029277885
60,60.3300203564226
60,61.5322252461315
60,55.6131133766593
80,104.258517750113
100,84.3002949376276
90,130.842244800487
100,96.1569221957112
100,77.50333126119
80,72.9206453130418
70,68.056376205201
70,73.7533788638799
70,63.3783710570393
60,67.7089777113886
50,60.4937320446815
70,68.257179066207
70,64.7009392621555
70,63.0077793588613
70,61.2083155553484
70,60.6997133457798
80,66.0255577291411
140,81.3359464976878
140,82.9932786407604
160,97.484002605498
160,100.928058071849
140,103.956302701579
80,81.9361371965808
100,131.469876173253
90,164.870004843402
90,85.989842298557
90,80.0252384007733
70,72.6572775887887
60,61.7967289389581
60,57.2412289126848
70,55.2482018586557
50,49.7461915062379
60,50.1244300892169
40,52.8512287683311
60,59.2545343004267
50,65.2935725610059
70,75.7122918101396
90,60.1798699017498
60,79.4812235505845
100,118.958908175521
90,118.559014647529
210,221.373100146242
100,106.838163915014
100,224.328280396424
70,263.015467278303
80,299.172921955892
300,194.382515368674
270,176.483468137383
280,172.15128804859
90,73.8395720240909
80,68.1962535167614
400,65.4475298963045
110,276.851491190219
110,229.764459416654
100,71.8133968321078
620,150.598894537714
580,165.848912601941
330,105.604171291513
70,97.6134731299314
80,91.7793120931035
80,77.8212001287334
60,52.5616458677437
50,43.0744349819406
40,35.2953208551733
40,67.6231844370822
60,25.9892325852598
50,57.2189237741053
70,60.023125569875
50,58.5829140277402
60,60.3399429592646
60,58.7800872013401
40,56.5028078934332
70,57.8563045861559
50,58.3526785689379
60,61.5741716890908
30,55.0595690082715
40,55.8224874784865
40,60.9208834551282
60,59.4153361425592
60,58.6921465043727
70,55.317492868684
80,70.9227838582693
80,95.5648405136169
90,82.8824505707788
100,80.7993955498777
100,82.2897175817809
100,81.3610319538526
80,71.35218115678
80,89.9802077808423
60,61.7972966254805
80,84.662648563573
90,90.7090139070764
110,99.4442718257901
120,107.401019366321
120,115.571847039951
110,108.137360668111
110,112.235270129303
100,118.698226184738
110,129.096265588202
110,129.170812847319
100,131.411517504319
110,235.315401644669
90,105.662285728404
70,110.091760078821
130,166.871228286068
140,154.794733102845
90,96.7824554483351
50,63.0235319510567
70,58.5630926427092
70,62.1458269573965
60,60.9640361527338
60,58.3779816843398
60,59.3576084452554
60,59.0649319082677
50,55.9172408320226
60,54.1665195673253
80,52.3032505394822
70,67.1781422492651
50,91.8647068512455
50,61.113781546048
80,79.3975830334162
70,112.101366373597
110,88.1902637736416
90,116.731984164443
100,125.341906295679
100,108.098445601028
80,150.894054933911
110,95.7439595235061
100,92.9346927558485
90,87.4244516999198
90,87.6826742500511
90,99.5083442300624
90,76.1132420464998
100,73.7800080335358
90,78.8714656945044
220,226.11466851953
210,93.9252142414047
400,96.2346157692631
100,91.9111382641064
70,70.5636132272579
60,64.0939317266476
60,41.3066908167712
50,50.7170468252851
60,54.899439566124
60,53.9233877685474
50,53.6084311544734
50,56.0119998940699
50,52.8475438260892
60,35.1644075367651
50,21.0992016399439
30,42.1903198722156
50,43.8062384927114
60,48.3076901917595
50,60.4473838222234
50,61.4052552941488
80,122.824960327146
90,109.520112287781
80,85.9339020678572
100,106.582830161505
100,28.8035003704858
90,91.1416445483026
100,96.7961015494665
110,101.342500258949
100,87.8690084427623
90,159.493321078147
110,138.073979397293
90,122.794541671876
120,111.575002284764
110,99.8904474625692
70,75.5594364495419
30,61.9859400525094
50,59.3545291176141
60,46.6047395693974
50,43.1905979481852
30,44.2241688210993
20,41.6341830821927
30,45.3359454459403
60,46.6886691305194
60,50.1131379423883
60,52.2624704302835
50,58.2555623787705
50,51.8354066577306
50,52.0214177981017
60,50.692274289124
60,51.6706187277831
60,52.6426281288909
60,53.7699629359751
60,65.5265379727096
60,68.2774962416979
110,76.9293979112811
100,83.6762513726952
30,42.6759274989301
50,40.441174568078
50,46.0348037598198
50,46.151379157313
50,38.0513361655419
40,41.1465167972869
50,38.1870553381139
30,39.9180809720137
50,43.0465570413099
40,41.6501206264654
50,50.4518736334409
50,48.8065054642878
40,47.5457876314594
50,46.2526768182659
50,44.0956058053005
60,49.0492785770772
20,39.9821916687711
50,51.8821175074551
50,50.5525124319554
60,53.5727162654717
40,55.8347320059842
30,53.3517914370648
40,54.751711203926
50,59.2420075570347
60,59.6743855746349
40,62.2396648048658
50,53.708468271955
40,47.0935818571223
40,42.8866116791611
50,41.9188109290115
50,41.3351448524776
50,42.144593126707
60,41.4836176150703
50,40.8908341050047
60,59.9377491882003
80,58.3023164786796
60,55.9388292059479
70,52.1715958807582
60,46.4023051533977
60,52.3215264479071
60,56.0042736050524
70,51.3316313142497
50,51.4748953262277
50,52.9208681284112
60,52.0575847631329
60,52.1706294474145
50,51.9751140520302
70,52.576448363534
50,47.1538824310099
30,45.0121217615608
60,46.0682935781076
60,46.4300925524815
50,50.1669535849634
60,52.9231671944986
60,48.7338166178112
60,49.650888807987
30,50.7065083854863
30,51.4884952714399
60,59.050482445291
60,54.2963924265426
50,51.7151698320332
40,52.4810390153635
50,51.2453349789992
70,49.9042626864797
50,49.7639238054231
60,49.6248774482777
60,49.0149224442953
60,48.1758647456993
60,50.3115305206048
50,52.295314729173
50,54.6896190861757
60,60.186495209373
50,58.8115881615362
60,61.2590764353132
50,62.8618746331243
60,49.903158814297
50,54.7454013691609
70,62.9119472925016
60,81.3956958013531
80,73.6498328239398
90,67.9661875651585
90,83.8599813212789
90,86.133652314693
80,89.5726574600188
90,81.5118286998478
90,77.0500893165832
120,115.712757396891
120,103.714549757424
120,114.558747833869
100,106.213751381513
100,89.4384702338428
90,79.7733265116551
50,87.7658536440474
60,61.8955216773013
70,59.8125515252861
50,58.9997800961024
50,54.5800412963404
60,53.9364231406558
60,57.4294731977231
50,58.8314167868837
60,58.6760780628291
60,59.8050897995006
150,207.221718633357
80,67.054822709605
250,91.7546214717465
270,298.663729347577
120,271.840200498451
720,247.438251879467
470,284.326835710724
270,218.432127461898
270,285.390818272853
260,74.9182891650161
150,53.379063073886
140,35.1013692206073
190,69.2967714651362
90,119.718251405665
110,118.729825710666
100,109.524966711101
100,95.4126240595471
100,89.0275530933213
80,68.4411464097642
100,103.951921430433
70,85.7034410389474
60,75.0981686351842
80,69.2406032051511
70,72.3674391747202
60,59.7825021369214
70,57.7153310323833
50,58.9299951887069
60,60.4442636121813
60,58.0266262064989
60,57.3339284691773
60,55.6855178375548
50,51.7595890708797
60,51.5523817440708
60,51.5283426268636
60,61.2684476816526
60,72.6654129885951
60,253.026600775351
60,59.7156240481476
280,175.005727658415
260,177.425675767731
80,63.1836367128104
70,71.0545093471288
310,165.48931605532
110,162.090146233141
100,81.6281798735867
750,63.688569428473
610,164.757243852292
270,257.824301017245
270,303.472904391899
150,212.180253186339
100,161.152220667085
120,249.029084754036
100,173.066169583513
180,202.227431522747
160,317.653153509266
250,234.694281000237
150,247.362216475893
730,425.58929916902
380,364.72480894434
460,408.50050138246
140,118.920680398359
130,200.145243248021
50,45.5022887028653
60,61.796644555934
50,75.7220210452898
40,54.8265843715408
40,55.3119760321385
50,55.2055334171509
50,52.4057821722248
60,52.9457497296475
40,52.5201906190317
50,51.9357952631402
50,51.2145104574095
50,51.0295381360131
40,53.071604621428
60,57.920154319738
70,67.0927002091695
60,81.1513831484983
70,105.160598935429
80,68.2876516284147
70,73.285586067284
60,94.4056173404199
60,76.2422146848002
90,79.8621699061495
110,108.923974813451
110,91.9632838506459
110,90.5160527845831
120,98.8208000543763
100,100.465535978649
100,87.7849634220893
90,94.6141787617904
90,95.6646653418149
80,99.408176722695
70,100.86960093638
70,103.472028776826
90,102.642490013272
150,111.411268484852
100,133.356596976521
130,110.328523941693
40,47.4344336254065
50,57.678292879353
60,54.2897996147935
60,52.2208487311125
60,50.7586479626368
60,51.3381452725008
50,49.4926663206552
60,49.4662630264376
60,48.4128679758212
40,40.4781496832032
50,40.5716900279614
50,43.5455427842133
50,45.0642288941017
60,44.9961171706802
60,48.4690323109985
50,53.0774850577235
70,52.9472953824817
80,60.0865589321376
200,70.3065364482998
220,65.2921478544928
60,125.112691489808
100,126.720293958875
40,41.7938019327791
40,40.0490197617356
50,46.8895761454704
40,45.2276207715547
50,46.3586430783079
30,42.2089633752123
40,40.3615916744524
50,45.3214491263388
50,44.0318448350993
60,44.6012083751243
50,56.3871771363334
50,64.940447568571
50,45.7203078156759
40,40.1493055152044
90,94.7155441199622
110,76.8743508278896
130,79.5053298633673
130,121.594578756588
70,53.3746917211883
70,65.1908140914959
50,44.1233968107757
50,61.5908151729522
50,52.5627040112696
30,23.9796095091654
50,61.3671777794309
50,60.2930679828112
50,60.085267429048
40,57.7071495029519
60,56.6088457462695
60,54.2425985550109
50,56.7960240312766
50,55.7782273515562
50,54.2003456886126
40,43.8307293466313
50,43.1295694438476
60,53.8304018683567
50,50.4255612819707
50,55.4226180586895
80,82.7613015246195
90,86.2145553528651
70,81.8119102251284
110,77.6109540331987
480,305.041733549499
280,339.474134693081
140,165.581238523506
120,105.46208030604
190,107.893965268022
110,102.19939373325
140,80.9578945240876
110,71.2307619935642
100,126.726652869893
330,348.426766279223
330,232.020226857765
760,421.077251012736
130,127.027242894492
90,105.734803811521
40,66.0485524040606
40,46.2438164935377
50,49.7342456648867
40,45.7061356068674
50,52.7050233631006
40,53.2163115564295
50,52.1827804301771
50,58.8340237895486
40,55.7875349547398
50,51.5227386883784
60,43.6456709361311
40,39.9499087001629
50,43.2149179443628
60,40.3971368322033
40,42.7188096522556
50,63.4884320351896
70,85.8585214296968
130,90.0414641949179
60,81.2593176122166
120,149.306974965818
520,394.988095411227
270,306.335473438839
190,233.736268450283
140,147.131056648583
100,276.903585187624
170,331.283768886281
250,430.363482615011
110,175.763818875448
120,136.653863207384
80,140.793507280119
60,48.1453431412516
50,45.3308825958694
50,43.9102338745843
50,40.6177849703303
60,48.2313644839501
40,46.8079054210455
50,49.7517368984319
50,51.9328280097386
60,51.9090863547313
50,48.7436497501688
60,40.5423345717072
40,37.8372513730091
30,40.6894459754494
40,39.4226682681955
60,46.4276253833836
50,60.2323416113024
60,60.9240441877441
50,51.0941124988062
70,38.6324174066909
70,83.4197599450719
70,110.355919606502
350,97.2450921373148
60,44.6731306168659
60,82.2130457076516
50,50.3284864588932
50,55.940641715343
60,57.3031723414293
60,61.0717872655557
60,52.7775992707815
50,41.7297895845347
60,52.362232692004
50,55.8234048917382
50,73.8995108742808
170,158.299871677823
130,120.592013847397
120,130.616534037017
120,167.860959433899
110,110.739240705297
80,70.3907689435189
40,38.3260752233648
60,45.4081634300845
50,51.9401856448287
60,51.636880730751
60,56.1641844749811
50,56.17546595318
50,57.5626363858539
40,61.1421250256366
60,60.2766116354737
50,57.8967027811749
50,61.5390608885616
50,61.1112717609007
70,46.6969153970121
70,34.3091007442062
50,94.2596802487464
40,43.998506344611
60,59.6126787466412
80,58.9367584610184
90,107.138749108718
90,102.988820252026
110,81.9766071892119
100,88.9816419498087
70,82.177561088964
70,74.2432535711742
60,89.1186092481559
80,89.3701548088231
90,88.9789400678124
90,130.558943551812
80,168.342189690923
130,281.866556336125
110,77.3439682447337
110,99.3449980369618
100,104.874697205816
120,113.135949912221
110,71.2210998007986
100,78.3999593571488
60,78.1249483575287
70,77.0716819226212
70,105.354375147755
50,67.8086124560241
50,59.6313132385546
50,54.9019636161654
40,53.5595269594625
50,50.3512504665745
80,43.9311738016936
40,48.7444528063964
40,50.3890831263252
60,64.3840667558615
50,60.1341328876372
60,72.0793660333227
70,110.590554335121
70,58.1011626728656
60,55.829152535469
60,54.0281327983753
50,52.2793782162042
40,42.972061310118
60,49.557740533815
60,77.8335450396833
70,23.7394746551825
750,599.457331698504
340,426.348415133696
300,353.807297436374
320,337.770448658209
90,100.055459743204
70,73.4091267341084
60,69.9109050725321
60,69.958908916689
70,69.6091777504008
70,68.8351497702001
50,61.9811953190023
50,61.0566393096896
60,52.7669204994416
50,50.1477182167405
50,52.4329777430606
50,54.7730090680807
50,62.761454103359
360,73.1659759907073
190,70.1788250267463
80,113.119829070429
60,113.980037330473
200,83.3850668409088
50,91.4770585661334
50,67.5816595600383
60,76.8345012771572
60,50.4398027433502
30,65.1482903078214
50,83.3396675372905
50,92.3616536507468
60,61.9956766890638
50,54.6957850456626
80,84.0879835081523
90,99.6734661451762
90,90.1424514450801
70,75.5044743380574
70,66.7788404966925
90,76.1175696426182
90,106.021642554698
90,144.470838794405
120,198.654775762712
110,182.147068747286
320,473.673561013125
300,259.39306881838
100,84.1499502600637
50,52.5114606398658
60,61.0625159138939
50,54.2069102184063
60,43.8115886612115
60,51.9971131994907
50,57.2100113560044
50,54.4817113000116
60,55.7617695343373
60,57.4692159437899
50,56.5924888287075
60,56.7217107238131
50,47.1060895342286
70,83.2308282947738
70,73.90621028358
90,73.8484790868159
80,49.2245185278129
80,71.7488449954053
90,69.6160719658867
70,74.0331942243993
80,74.7748993945007
70,82.1991273809454
60,64.3443740168935
50,70.8240634482123
50,61.6777484560594
100,77.6711354900968
90,81.0981883650214
90,82.9657322605568
100,100.91147565827
80,101.302409929095
120,161.994475968515
310,125.121870977087
130,128.130590743261
170,213.092140075139
120,111.663260791162
160,85.1252013876529
170,416.174077012982
70,332.561717983689
80,312.173299935296
70,237.811759568453
50,62.1469458310753
60,82.4920837955187
40,51.885165257363
50,51.5121871739786
60,39.6628094611656
60,47.9292322231331
50,47.8697286264283
50,56.6974329723141
70,53.6887155419307
60,53.3039478542027
50,53.541383977899
50,52.9684890979047
40,54.8962985109292
60,50.9158187045023
60,53.909763278193
50,57.1936985457466
50,63.0857644495183
50,66.5049218239647
290,194.345034528596
290,262.288169550517
480,271.868234491747
120,358.49783001152
90,308.729314959368
260,334.934284869493
220,273.444656565382
100,68.8934985902004
100,69.5021101065778
80,79.9904667821222
70,74.1499894414252
80,97.3575102657827
80,82.7774406879749
70,83.6579766498634
90,101.971569695253
290,111.569044345282
90,71.5890898170642
120,153.234852232702
110,160.340921843402
110,163.34427191538
110,131.18728915101
100,110.492930156196
100,76.410388104471
120,109.469786899266
70,48.3527952202824
40,45.3466482409297
60,46.9802250580135
50,49.361797803849
50,50.1056665306433
50,48.2012804564784
60,47.3638885719484
60,47.4857234583976
50,49.5780432091137
50,47.9971210070007
50,46.4366060958838
50,42.8187087952369
50,41.6415855100058
60,41.9096065326482
50,43.7906730665577
60,44.4512548081629
50,60.9364812931219
50,66.8667419411917
40,176.518480476066
70,67.8277196923799
510,153.177651208753
380,287.730418375685
330,293.323981254133
230,253.748621914754
170,188.690238094102
90,135.951159103702
100,82.4108191400008
250,232.402955842299
250,187.140718860205
110,180.499086501519
360,291.776519219683
280,121.093706020885
110,105.219554575886
110,114.850003920684
110,111.830033520869
100,100.273182935795
60,57.0990282503787
60,50.7113981569264
50,58.7036438737649
50,58.712832844051
50,56.6583709722839
60,53.821813993735
40,51.0741595598894
60,52.0936844017758
50,49.458426715927
50,49.8552856342634
50,62.4026427403684
70,57.2690998638529
50,92.1720227362102
200,97.9237759635495
80,169.177612240428
150,118.795933332019
330,145.449372639289
200,117.56751759029
80,97.1022833486832
80,75.1010567834079
70,85.0229266906157
70,79.2433628549119
70,87.4263429973762
100,109.081588000701
100,121.549011478077
90,154.355046248427
120,119.351535413426
150,103.561851540199
310,185.659688080896
120,96.5514985996082
150,98.0261228929705
80,88.2296130814021
110,86.1296708973881
100,90.5565813276321
90,117.702162856881
60,65.8022705437439
50,78.9882994903236
50,73.021666755574
60,57.805024609524
70,60.4694029084739
60,58.1141225008942
70,60.7262487804886
60,61.2708719391917
50,54.4622194239002
50,44.5069041843872
40,47.4589455264631
40,47.1174888045241
60,50.3053051175205
70,46.7048377899693
50,47.0963702958754
60,46.5685627672734
50,55.5011220158924
60,58.5740906332631
40,61.2316069042708
60,44.721656080983
60,42.4042330679816
50,42.9530345515581
60,59.4374711720277
40,55.8344197668286
60,45.2897570277319
30,41.3716428472988
40,39.6750038671274
50,41.1510612902091
90,86.8171795028027
120,241.913566428316
100,88.8241062544343
30,42.9440228907726
50,44.3432853626181
60,44.6646420823272
60,51.2292288307705
50,49.2711991193456
60,44.9828438983157
20,39.7439099687008
50,43.3805409007087
60,44.6951183034353
50,51.4567265485643
50,46.1190284375809
50,51.2225659923933
50,62.4190508189914
60,67.7565121891487
40,72.4838714427076
60,76.6876953448197
380,76.9499579296753
70,81.1855104407598
60,79.6975723105463
90,71.4298892722218
50,65.3186653565232
50,43.3667714640213
40,43.2411894283476
50,27.5963229658993
50,52.133609641341
30,48.0761905745348
30,48.296704129628
60,47.7152316149848
50,42.1134455336615
60,44.2152385435519
60,48.3930190366851
50,50.1001140480206
50,63.8728217898504
90,91.1346598776733
120,147.459964165804
120,122.363142121615
110,120.505075017846
120,119.27606143519
90,73.4778467758071
60,48.3179771303718
60,81.7787494885681
20,41.3646388110906
40,44.7499515347197
40,61.7961679927736
40,51.954150397239
60,50.091042308596
50,49.004460958912
30,42.203991998875
60,48.3933929191953
50,51.6849698556303
50,58.787828174478
30,47.2440553909596
100,53.5668701445156
80,56.8777999696572
60,56.2946123531341
60,63.2315945790938
60,48.8522143878984
70,52.3095346836975
60,51.6796339536946
50,72.0366843988645
50,86.3264538631792
50,48.1786461392815
40,43.785446474899
30,41.0991982809021
50,68.4483834260336
80,84.9581116781904
380,158.213490156795
300,171.768845430123
250,136.366814156518
110,223.317592035972
120,99.8184976260259
100,116.864746664383
110,117.261230946785
110,109.850174285871
70,82.5071318532171
50,53.7137129769363
50,50.365739903898
50,51.9432915846473
50,44.1470277353421
50,45.0662531505644
50,41.4530047180753
60,45.5386259747012
60,47.5029045177213
80,55.810710573365
80,66.4249205015884
70,75.0858433772037
50,46.705197355023
30,36.7278750866755
60,48.5825381629438
50,52.861366884324
60,51.9370369032534
50,51.1961725416055
50,51.7366064916831
50,55.3333372485005
70,56.3859919298478
70,53.965517596163
40,52.7439704268818
50,52.2200280795945
60,53.8795243036824
70,56.6839079786266
50,74.4587803301609
110,70.269528786122
70,86.9014520573442
80,95.4557964146278
230,170.66073346579
110,230.186632449717
150,122.963634603947
150,315.52876704741
90,127.922101884641
120,90.782541243254
70,62.493612336017
80,58.3412217996461
70,59.2135703382085
60,63.5797390581837
60,61.012376343553
80,58.2529517987955
60,69.5507066551903
60,62.3553262515543
70,63.9259651675424
80,74.1016115881981
50,53.4643898664557
50,59.9889162790052
340,86.2742364575281
70,259.531670441023
260,191.88920701056
310,401.013438855112
130,280.998980075506
90,340.498509230478
720,401.944419176337
260,297.15896682279
80,253.126288733817
90,274.160332960022
440,325.21551215527
570,371.709966804711
270,208.031138049949
300,368.66150606968
870,330.593691557611
230,194.179790437768
110,182.785798238963
120,103.989828842976
100,107.864471425883
120,89.7338006611975
110,91.4166195064764
100,77.064267332173
100,76.1659108754614
40,58.2867341293538
50,58.6279912888039
50,66.4029428536807
50,71.4997147665593
60,68.0492308757197
60,52.5172419644877
50,51.314088790772
60,50.632529381793
50,48.912818010434
60,52.7468595447932
50,54.3620920569771
60,52.484646639033
50,54.9421215854785
60,52.4953677191531
50,52.8550980144307
60,61.428025965565
50,61.9368434618633
50,72.4889429573165
120,197.002181393608
100,210.209769393738
280,268.435782461523
320,252.195899124595
210,200.245303129685
90,128.143996282041
100,109.021738540377
90,91.792861653067
110,113.699876944421
110,103.920521211606
110,94.7048923252448
80,84.6668433022612
70,84.8466207801848
80,86.6410463390906
60,58.8138493488577
80,72.3691095332856
200,123.326233362921
120,153.170479694876
120,116.200037635516
110,84.7835220459961
70,72.9073312528006
70,64.7486061920809
50,52.3711275393547
60,61.5066947439887
60,55.4147662328949
60,50.2186908925617
30,50.857862362308
60,55.2039820165292
60,61.3140030941661
60,59.302983011265
60,62.418707937982
70,60.8366604315228
50,61.8276585201874
50,58.5693053940049
60,56.4304674014236
50,52.849633540731
50,55.166597217736
70,65.1120735104804
70,79.4991182793207
80,93.2551180026124
320,106.57591829976
80,91.9425267743274
90,78.7617650965244
100,75.6134211786059
80,56.1709887660387
400,81.9952301711646
90,80.7838440521153
70,74.7317049568894
70,71.2375695465516
60,58.7360813910862
60,58.4743852925895
60,58.9871509113607
70,76.0533088130637
60,90.0900326567539
60,82.2407143621077
110,103.667500867602
110,103.407741806714
100,105.269664171932
110,98.7927409403027
110,97.3985902774427
90,90.1864477823644
70,70.1754308947795
60,69.362394816803
80,76.6561750568831
70,68.2170624176098
40,68.0903435087533
70,68.2459822207109
70,68.2984859224132
60,63.8648436509296
40,45.1475008716347
70,56.2108706222659
70,64.6934920526293
70,62.9269638696693
60,61.2477464562408
60,54.7655435573653
70,62.45511790025
40,51.4292654285325
60,69.7726178227972
60,61.1863635211244
50,63.820258051007
70,72.5919946999507
70,75.0566506575988
60,68.4427346781705
90,40.0856311128808
440,88.434935030355
250,183.138441331328
120,123.755617459425
100,92.2099453038544
120,127.702657730334
60,95.8532170255015
70,73.6846480344123
60,69.3352723952857
60,70.2455385705691
70,68.6423307287955
60,64.0097746757953
50,49.7159938118603
60,44.701521119302
70,56.8854769546293
80,59.398593350286
50,58.0633944057888
70,89.7328767133848
60,72.0795332300459
70,90.5520103022466
50,88.1266154572219
60,89.6708830636372
50,54.6996002075825
40,52.5295651533048
50,46.183336840844
50,44.9334316248303
30,44.833919375689
50,47.3784318502547
50,48.1386904485812
50,49.2140471450571
50,48.1074668230765
60,46.3721459514359
30,44.1854472850052
50,54.8898597001996
70,79.1947130479875
120,91.4860990657397
100,106.78023498703
590,153.737970245818
460,99.9811819492686
100,99.2452943974375
130,122.760848004834
100,115.145630112603
100,87.4877229419743
90,95.3251572472863
80,93.9539213618802
90,86.3681959179474
70,59.8022549380439
30,42.1158940686485
50,52.7152307590646
40,51.8686910598353
30,47.2183841341004
50,50.9873276862574
50,50.4939715986613
40,51.4997792081788
50,38.5734217766682
60,34.954920584926
40,55.1768125449221
60,53.1551374877512
80,61.9517086125384
60,62.0671696708404
80,65.1831824433303
40,86.863280709397
90,46.4757753845462
80,78.4959296350456
70,98.7412507889137
70,80.859309576781
80,72.7864954386111
90,76.3780096755115
90,91.7664167810767
100,102.740144119142
90,105.817410271997
110,135.154340784203
100,146.974566147829
140,103.008430529581
120,104.636287222307
100,113.173337767843
60,96.1035935366024
50,82.1826711095278
60,84.619528139834
70,86.702116358079
70,72.1600757109705
60,48.6325326385102
50,72.4664019370288
50,50.8249982007741
60,48.662825491594
50,47.8936757952701
50,105.561992155213
60,135.826206222813
50,66.8613606370516
70,68.1306065230351
60,66.4060067809079
70,76.1911773482582
80,73.9241430535901
60,103.826862782536
60,85.3041037655546
80,82.2053761791595
70,79.5791923342156
90,89.2211311386311
70,74.4717293367054
50,42.4483493494504
60,40.9602114700629
30,39.6690793380938
50,49.3445894834375
50,50.9027674740511
60,53.410074767641
50,55.2022161075163
50,54.4444978751328
50,57.9598789383059
80,66.1575275601006
80,71.421029144511
120,119.056581398152
120,124.944036509479
230,229.55241419905
410,305.399348811893
300,380.775499588017
150,185.998914118524
120,161.829895376144
90,153.313921161123
90,128.342970986313
90,129.482571157888
90,122.937626096551
110,110.95912897526
80,132.002208545895
50,65.6491261219231
60,48.939938360873
60,46.9131038705172
50,40.2980683802532
60,39.6210351542758
60,43.7319627659352
50,41.2545820233589
50,53.8968281386654
50,56.4679980976145
50,58.4117860379333
50,46.2299023150072
40,48.8471551490299
30,48.5772349835301
40,46.0190575895538
50,56.5940070918738
50,58.0636132076707
60,57.6347098501005
100,66.6233067615637
60,90.2812913637615
470,88.7718939110749
20,48.2487578256698
70,58.876317242907
780,89.0232774288364
220,192.252430109539
50,188.270721506534
50,199.36711899604
220,224.784309420949
190,227.184785754047
60,91.38348362062
70,82.526338705255
80,96.108432415027
330,96.2387604999188
130,109.976847153702
100,110.185070146721
80,93.9076151701009
60,83.5989344112783
50,61.9182963097804
50,58.1401712818299
50,56.5162587043397
50,49.7462646240671
60,49.8423130411359
60,48.6429063105975
50,48.38036947977
40,48.7926475552333
40,43.7386348363356
30,41.2015448034679
40,49.3700200287248
50,39.1925157992806
50,54.4457108773265
50,48.2452331783575
20,53.8641886796486
80,118.85581750419
70,196.354160984628
320,218.270203234766
310,354.268101364242
130,254.627242894062
90,105.514353593369
80,109.51643337122
330,458.107846582958
100,64.0088121818412
100,96.6180535344482
80,89.1343815631502
90,182.421393005851
90,230.175134570776
100,285.500063262378
560,369.780249036962
670,282.063431447675
70,68.1033411615281
70,69.1902910436002
50,56.0376539985437
60,73.4916238230113
40,72.1644707076318
70,74.4224597438359
80,63.8957367869231
70,66.0255860906045
80,59.1382883742618
20,48.4489945894666
60,48.2239764840427
40,48.6767698637957
50,49.344461720027
20,51.8076021946337
40,50.1902687804061
50,53.1905764269439
50,56.4811406587228
50,59.7024312684945
60,57.0767872634083
50,59.980946714025
50,61.5625048634449
50,59.3538409490478
60,63.6142230583605
60,109.232583122432
70,77.2911531257517
160,88.5238010759954
50,86.8099103014376
60,65.087772261973
80,110.613220995929
90,111.229293562866
90,89.0453353404779
110,111.888119422405
270,113.596883074018
110,207.311174358747
270,245.496506203636
430,229.143896918817
440,274.647329256361
120,103.347545319354
170,83.849900574638
120,103.952107972365
110,104.521886058782
70,89.6091726114579
80,61.4227255364669
70,50.709447617755
60,53.205223334488
50,46.1623202097232
40,44.2485472192303
50,46.7924411743147
50,54.6984412940958
60,61.5218872736717
40,32.2426427616066
230,61.4463343763387
170,66.1240717636181
70,67.9824129551926
80,67.974326631154
70,65.4227914932037
80,65.0304029942344
50,51.3934237616062
60,54.7690352769142
50,49.6937829102698
50,50.1688775113171
50,65.6924573726484
50,67.6625010092886
60,74.2219822301293
80,76.8886500218443
90,99.9213306617272
80,94.3767819665925
70,87.7201142510454
70,75.2609026144067
280,189.738190153852
120,136.890494316
130,121.920157847303
150,125.601876759348
140,113.972740565175
60,108.448378276632
80,102.482733965903
70,65.6354892660154
70,62.7832189124979
50,41.9041417736224
30,39.7726942566532
50,49.1247582221309
60,50.0549782663206
50,50.6683861588906
50,54.105749485661
60,57.6168670040733
30,57.1100838393865
50,57.2958292170536
110,60.6513030434728
50,60.4313793636291
50,55.4436248702342
50,59.3964612368466
40,65.6402515818326
70,57.0253262834412
50,39.2135712810038
40,73.4477888848326
60,45.2294616476812
50,50.1627830642619
60,52.4124534768577
50,54.3639348054711
60,49.6284969754961
50,49.1463031943804
60,48.0893503191042
40,57.8284493141335
50,59.0768655333814
60,65.6673275997829
120,275.463604753733
130,125.612705776025
90,111.770359498436
60,55.6174007640286
60,54.9318737038197
50,45.7041026565116
40,43.8562977546122
40,33.071860561597
50,51.2016685210356
50,50.6177729457632
60,50.6138564508854
50,53.6559814075388
60,51.2983930378116
50,47.1585469200811
20,46.3174566591847
30,47.5832749512598
40,52.4009498351233
70,48.5871712590479
70,63.0380394100316
70,35.3995014590081
70,73.5369217503628
60,70.4786482973205
50,80.9865793583073
80,82.830527850052
70,93.2140804742832
90,84.3964169457743
70,63.2726983659936
80,115.088233325063
80,89.1204029657288
80,70.376650686394
70,77.3084539243187
80,80.4620322873912
90,86.7700557129097
130,104.814771331751
130,114.501341490597
200,126.876456202615
120,123.476826341268
130,120.382586836089
90,105.220989044272
110,89.2134151440352
120,88.3776278941853
60,127.234881704542
60,54.650444319374
50,52.8980302445316
50,49.2167171666056
50,38.4769671470756
50,41.2222082821795
60,48.0807264401509
50,50.6261202233558
40,52.7887450456679
60,50.1749234286509
50,46.3619016457733
60,45.2378300066805
60,39.3386996742476
20,40.0221337520702
30,42.6098455772149
50,49.054123059146
170,71.5274565283546
400,75.4309326851866
110,110.381633288464
120,99.4416695286868
90,167.410419459151
120,200.064317123197
100,117.2459941742
100,116.152931779471
80,90.3789180722251
90,98.0115426443101
90,104.313555223363
90,96.3105708153758
90,100.578310542041
90,75.8400332953575
160,85.6668655900648
80,49.4300804017515
30,31.8499299958258
70,39.9853901312128
60,59.7285838982834
60,57.6480262606678
50,44.7813784667568
50,42.2404473970591
60,46.9318583247634
210,104.304711905096
80,36.2946978789317
90,121.754261700801
90,105.707189969661
90,62.4146300038033
110,42.035408105913
100,44.4461211156552
100,109.010753338906
60,59.3981707207174
50,40.8798205793157
60,39.1367502968652
60,64.510976610052
20,51.8720238880313
40,49.3520169671895
50,50.7284452160823
40,49.4235584475161
50,52.9594540906579
70,55.8851342739553
50,55.3286309425353
40,57.7175015017091
60,57.7633817388997
60,57.3776916631075
80,58.8792966574296
150,101.893570175706
70,101.697043178983
110,95.5297645247388
100,103.265572311339
80,101.069410789831
450,128.555528701095
290,129.869603681883
70,98.5977674643247
70,83.3386949377448
90,101.429996822029
70,125.340467337337
150,159.233108279136
80,148.927447341768
70,69.1625394754177
70,71.8399031272249
60,59.1223949779561
100,122.055584443442
230,143.245541800336
190,144.342853655877
110,103.37614579859
110,123.985192432952
140,119.057707019225
80,102.130546528042
80,119.945599179127
60,58.3470154648859
60,50.2545026858125
60,51.0700199334258
60,90.7026690910773
50,50.9320381295089
60,59.218077657546
50,59.4457428015987
60,53.6750155460045
40,49.8304506538864
60,57.8704656978071
40,55.909345083122
60,58.7052778618445
50,54.0370964751036
50,53.2204334427005
50,48.2703373248881
60,52.539788570093
60,61.6775453082045
90,113.609029302265
100,123.705553589762
80,138.571189512513
240,122.02329313608
120,126.002021506838
140,78.5841007278242
120,161.509151380665
100,193.949871932468
80,104.733660961656
70,81.9548433492597
90,92.2064192849128
110,112.483527223502
100,110.651565540515
100,94.7405063483272
90,91.8039317020942
80,86.3529934365456
80,86.3754026636451
110,143.680554631721
110,93.3843827635312
100,94.5816557054956
100,47.7173627751916
100,80.0823462373636
50,69.0801844530447
70,115.808234730516
70,63.3600224578874
50,57.3700307148383
60,56.04213451941
50,56.0921262575734
50,56.9370317305266
40,55.2776728550624
60,54.5003905625631
50,53.1751121488383
50,52.2648240357734
50,51.0837446578146
60,51.2805811266835
50,50.6217438272146
50,50.7780416886476
40,50.4243147837456
60,52.3669746681156
60,50.1157134194985
50,49.0705876383603
50,50.2897822974455
70,94.5647115978661
230,259.300019082729
80,62.611341967115
50,51.6193947368178
50,60.3741456633429
50,57.047916214793
50,47.7915140774186
40,50.0796473848397
60,54.1783349419254
60,62.1472501118909
50,56.1632606444704
60,55.5862575262591
50,63.128301275265
70,65.980526040801
50,59.4603073271065
40,48.7049923675735
40,50.9666494414638
60,53.240331756077
70,80.4306877725415
70,77.2238518411672
60,54.4996416228843
60,51.5143791693593
50,60.6585339566049
60,59.443582984119
70,57.8882531152989
60,54.5575469771277
50,49.3634209198199
50,66.8728664662645
70,73.7762839109955
40,57.8284916664447
60,56.1917128315426
70,70.7277614895474
70,58.8906198973875
70,58.5872213535419
70,61.4666931640239
70,62.9373567646168
60,70.6985827895355
60,59.9076286778596
70,71.5435851680713
70,48.8929594884828
60,50.5628573720171
190,98.1493996158941
80,85.4043572427741
60,64.1701211922174
110,74.4475236490316
50,63.4918685311014
60,63.845225659403
70,61.1337192545765
90,117.590775988627
90,287.676533647038
170,336.804223743551
120,124.424831907125
160,105.326350972095
110,107.682792623288
110,154.067553206075
110,126.977749008909
110,109.160838723523
120,77.7151957540796
70,82.2999065006382
70,80.6598775728273
60,142.544441398228
60,71.288263782313
50,68.5412661871689
50,60.214361478688
50,59.0141936138364
50,60.2526908472378
50,59.9502936683999
60,60.0341410582232
50,61.1298320302396
80,45.223648274784
60,102.03054161119
60,77.5397343940336
80,49.767594074079
50,59.8394981273451
60,49.8533941029062
50,50.4481095524118
60,45.2382191748444
60,56.1838202486881
60,69.7358652737397
60,48.431898837165
50,51.1820695131572
60,54.5471310866426
60,59.9228365640451
70,62.1424448167482
350,125.797001435223
80,169.304277939555
100,101.124125998073
60,59.1275928996426
60,57.2829903401649
60,54.6439818919416
60,55.0845927493461
60,50.0174021268765
60,50.060200279113
60,48.6618478328802
60,50.4861278972285
70,55.1133797235721
50,57.1604760037227
50,50.0587089474729
70,48.6556920641455
50,49.0146687915167
60,52.1956377177202
50,54.8919385120669
50,56.4055016001913
60,58.450592698096
60,83.89747172164
70,81.9523570023046
60,80.2712977109953
70,78.1238391232552
70,79.5300182018651
270,74.8277757802676
70,69.7775198606849
70,63.8023151307503
90,57.6856033923943
60,112.529686071388
50,57.2137735169777
50,60.1696084565104
50,52.9452683549182
70,45.6993399932503
80,60.876885407006
90,73.3623594674164
80,77.4242933348966
80,73.9404711865837
70,81.7861920477739
70,95.1903790987719
100,93.7170594494293
110,96.5982558139216
100,95.7495700161419
110,93.998818709738
100,87.5770287462497
110,95.050920187727
70,78.3566633100288
60,53.0830154003688
70,51.3352537071272
50,61.8829360216569
50,59.4725354121553
60,60.3113593294641
50,60.5327398471442
60,58.1215402494624
50,59.192067455015
50,59.2210462148286
50,60.0938385907523
50,61.0794150028909
60,60.7383095794836
40,51.1752065714251
50,52.5042947767636
60,46.9729092495187
60,47.7229853831024
60,50.8705217022528
50,48.3999302485148
50,62.9853779895597
100,84.3387342651044
200,104.18306062855
120,131.181816560645
110,138.488976678706
110,95.0556323270376
130,110.609569767579
60,54.5968802659874
70,51.3926774473556
60,49.3712248306218
60,53.1314419599324
50,59.9108042168451
50,65.9745943933616
50,55.3195966260569
60,49.9772095449873
60,50.7959666311628
50,50.9370825893536
50,50.5090480659962
50,50.8584079465114
50,52.9707212846331
60,61.1113173011943
110,94.3445360369364
560,103.881967946508
190,146.173504783708
80,102.89454731531
60,72.7929732875182
80,180.40643791221
60,70.2730523505094
600,97.7294464025672
560,105.826347787594
100,317.9872228394
310,320.006363562101
240,285.812600335978
620,202.510944052127
220,255.711741229487
100,248.916634514455
560,333.650883463123
310,264.388142579824
330,354.255696634973
130,265.594792823055
130,130.989429467489
60,77.9234088586657
60,63.8411924536535
50,64.3228552884093
50,71.3754770140586
60,68.6144890327276
70,66.7452951910072
50,62.5042030817714
60,61.450283234091
60,59.8387792494012
60,60.1850378017978
70,60.1453861685493
60,60.2433360031594
60,60.199862034843
60,60.000797381724
50,61.352235708527
70,71.1027330918974
50,70.6186715757914
50,67.1994183102707
60,52.6727756471288
60,54.552240273625
60,52.2338080643771
70,67.7895991190265
60,68.2279182210686
70,72.390646574958
160,140.653409720745
80,72.5982209236296
100,68.0818919533699
100,44.968323614953
110,213.928179093818
110,140.873691370317
110,111.492783159123
100,102.826124971158
110,114.458215562269
100,97.927655053685
130,102.316422693893
130,139.567994853214
460,169.411633683642
100,146.705541412217
110,130.227959456276
100,111.604231459705
80,162.256652539311
90,93.6345349142697
80,81.1441229240269
80,77.5259788385573
50,52.9263123622455
50,50.6197620386362
50,53.9461080849036
50,67.6499779976857
50,59.4638384482131
50,56.233731389436
60,48.700986083561
40,42.2546916352549
40,43.6356272541907
50,46.826823955942
60,46.956973741755
60,47.6597591097063
60,56.1794709794882
60,64.1368316950816
60,69.2884988169583
50,69.9746377510908
60,67.1434889070976
130,116.58117727886
100,92.0105241228634
80,126.086464766934
110,130.18658250108
100,104.928592071878
100,117.665287524307
100,114.01480551088
110,100.040163624137
90,113.003866007816
110,104.003222334549
100,102.141920999033
90,82.7314469337782
100,132.048640558733
100,119.368598628977
110,139.333915788996
300,165.202483328694
120,10.0136734081472
80,88.1517173239824
80,61.0583179279678
100,87.89664798346
90,151.858205374054
290,126.786084543526
240,171.840242585823
80,95.9132987663992
80,59.8266821957317
50,59.5899616363837
60,59.624168515702
50,59.8054886061227
50,59.3178400521857
50,59.3049470411059
60,58.1118919594692
50,59.2639215055118
50,56.2933555292774
50,51.4247937243218
50,60.0002523045578
80,82.5479124684551
100,113.105253261209
120,262.885391409043
340,41.0547912514412
90,75.4746476299116
90,114.681878938821
90,111.638529909875
90,94.2542526052881
90,84.7095012711545
90,108.328381996987
150,84.9409258246524
100,65.6239203484105
110,99.6336972344443
130,89.7215598241509
50,44.9673862133477
60,60.8994062374504
40,69.7415561748006
50,51.6047904107102
50,51.471444664338
60,61.2307969271896
50,61.5665960789518
60,60.4818366356649
40,62.9522297858362
50,53.6862108217713
60,65.211860851573
60,60.0320837743776
40,60.5948270701055
80,62.0253635679634
60,67.0850631703073
50,59.2474259747764
50,60.1007735661846
50,49.8236213482794
60,52.0720681369912
60,51.4874826009804
60,48.9242110634397
40,51.4736365028158
50,49.4216977164138
40,52.9867573047867
60,54.6149299606313
80,66.6639955330122
80,75.2246505031319
380,118.530867952022
100,96.8294526497834
90,98.7324404884105
110,122.469296151863
60,151.291757024192
50,58.4179008420699
60,59.7234931752407
60,54.5848702870002
50,79.4850698907987
50,51.8048921969594
50,47.8754444778442
60,50.1068519302044
60,68.2299911910459
60,47.7127549253952
60,47.7037990543685
40,61.6866113077498
50,56.4392386089198
50,62.7796337747473
40,65.586734299519
130,69.1214509825324
70,67.0699281765594
50,61.4236081955019
50,58.108889190691
60,57.6270154140528
60,62.1948689819067
70,58.2654568419128
50,61.770921821948
40,61.0535196473749
60,68.0533719322178
70,70.3645297958226
50,62.8584576091089
50,56.0766472018202
40,66.3992086084942
80,78.1765144738368
90,81.7329907245188
90,88.1119440124923
80,85.1626296659836
80,91.8524738772204
240,85.0502264182232
60,50.5388773734908
150,300.817376201056
210,143.958058314935
130,136.067230818038
160,134.822142109894
130,180.700207220663
40,48.0268672416659
60,42.0092593276188
70,40.2720670445683
60,40.2192776922044
50,48.3185569575159
50,49.4122843499943
50,52.4278971785611
60,50.8839191912622
50,52.8914336565085
50,50.0429763494592
60,49.0263069549541
60,55.0900613769722
60,56.309744756864
40,56.3569968357898
60,63.4841680119557
50,63.3092447056079
40,61.4099462658429
60,58.5883177243384
40,57.0315735425995
50,50.4617497302239
50,49.2062466011716
50,49.7488247889212
50,52.3878094337287
50,50.0810131661868
70,49.3678003449916
40,52.3088531798625
40,48.9933171825652
50,53.4593529863319
60,59.8386762044941
60,63.655337378197
80,64.7583789840471
80,60.4392297071012
80,91.8339222534607
90,102.571952164902
400,115.772870527382
160,106.284579543732
210,103.376358692746
70,98.8323521824107
110,125.235657207689
70,114.699786082334
80,107.778754832383
70,131.893454654126
60,59.8519274763712
50,55.8064148591364
60,54.7862419644259
40,54.5377463732102
30,41.4717124591733
70,47.4741817811244
60,50.2816251180207
50,62.15344572149
40,49.5353935159186
80,94.0906283566208
80,58.6040505476663
80,74.294693384781
120,73.6824005475199
70,88.3557218319391
70,65.0569928571421
70,55.6624386898024
60,51.9293941717924
50,50.0744740083958
50,41.3020016297522
50,39.9563025377177
40,43.0398058178623
60,83.9885328953542
80,87.1131079343831
60,69.9524617810708
70,72.7103041016575
70,71.5630796383597
70,71.0875502566749
50,48.8619700444714
60,48.9262611822336
50,48.6574363025554
50,53.4761573866595
50,63.8503808584394
40,68.7176105796722
30,75.3293109042076
40,63.1346858043138
40,62.6922386133563
40,62.0978491897684
60,58.38557315628
50,57.7174724635634
50,57.8659108102666
50,53.8530047640831
60,53.8952105436861
40,53.7234565541391
40,54.4588736117055
60,54.1597577651892
60,53.9818689738303
60,54.440708700596
50,49.1883060090828
60,52.9621199779611
60,65.6070663763142
80,67.7034141142451
50,67.9803655930393
50,80.1998408104986
280,98.461271887991
330,119.782510363105
790,109.170091927116
410,168.793115549177
470,285.577109854153
310,277.704066796006
250,245.472740336752
260,301.580895909586
220,205.479773435174
80,112.360038900072
90,154.856236421968
80,126.508798479622
150,133.246539096189
130,127.852501361277
110,124.428256810576
110,111.767201635119
100,103.662303798811
70,104.739832166945
340,85.9356925570023
70,103.241404499248
160,111.441835837831
60,64.9332700205611
60,61.7494906236448
60,58.2486840705202
60,56.4672808331398
60,52.3620345159404
50,50.2687016537893
50,50.0732351585455
50,51.3722768428628
60,52.2773892765535
60,60.1313480244044
40,60.163012037596
50,60.1555564377205
60,59.8950986477659
60,59.9227873436249
60,159.685876766064
50,70.5817478978849
110,142.079934393951
90,164.306957732503
470,250.778020698149
280,293.671300130631
190,213.88257679016
100,101.576627915222
90,109.306354890697
90,99.3960185769825
90,99.2495136302924
100,94.5733007464462
440,90.5784317053431
340,94.3119649348815
200,113.01528029469
160,112.473731346087
130,117.141665227045
110,100.173766021504
70,75.976538278719
80,68.5409281174914
100,67.8827132028989
80,66.8646016942876
60,66.2814029432012
50,59.3217150578885
60,57.4710337308581
60,56.368379881324
70,54.1271129719388
80,54.3956585869756
70,57.9409599961735
60,60.5733765123512
50,59.8253265138035
50,57.2388960937111
50,58.174001868935
50,49.6094607238824
40,49.9003619318202
60,48.1601544424514
60,46.8084851027755
60,47.58567850731
60,69.4817796308953
60,55.7445560909527
60,44.1463302515635
70,61.5561368728491
80,69.6988231705534
60,73.026861986576
70,91.5914666693423
70,100.643562942678
70,108.938002489335
350,175.988462412176
110,171.104034444109
110,145.716987780049
110,106.057029862113
100,96.0967980475496
70,79.5131918788576
60,78.5493460157608
60,79.060991621478
70,58.9196889996255
60,64.6003883881899
50,65.5098510665893
50,50.605093362879
50,51.0150601049563
60,52.3071618934066
60,52.4020533457696
60,53.2927330862417
60,55.1296333117606
50,56.4065641937867
50,56.8681832732143
50,53.7941190009976
60,56.9398729782644
60,58.965797482625
90,61.7184154771806
50,59.6582689397729
40,70.9194474518772
60,87.7881514944627
70,73.5721687583469
70,68.5963950481345
80,61.7507896811136
90,73.8396911606632
50,54.332463097609
50,41.9112055141021
60,47.8910032146528
100,106.681172809219
100,128.18671689151
180,128.989404001323
100,98.2593825457282
110,98.6920747176985
100,104.53407232473
140,126.691996413724
140,146.273887187193
130,134.078541135117
140,135.549773814069
140,134.337501007991
480,153.085979379101
260,101.792547009544
110,104.095655077923
120,113.486957096057
110,85.5436898179039
90,69.6914652137845
80,60.7002831361411
60,71.9167003439545
50,76.4798433969793
60,55.3809882403975
60,59.0512218122869
60,59.8680502867264
60,60.2889485820554
50,60.728169845828
50,59.2175447644491
40,59.4558546659354
50,59.534285191356
60,62.7213030746233
50,64.5382965954734
60,65.0777066032068
80,66.2335221355529
50,49.9923373723039
50,60.1183581852349
90,72.3380485160845
60,107.748969435913
110,73.9166026112255
90,128.867049038552
50,64.7808288493991
50,57.2344637602099
40,47.4120132141464
60,52.2364605329237
60,62.0189443357009
50,79.9725324205529
70,82.2951980650701
70,75.0177385735803
80,74.2742005339372
80,76.2681163993662
420,145.096322899917
80,165.637392345117
120,131.459522485948
120,128.539935792293
110,107.953358123317
50,59.5205357055802
50,66.270591823841
60,52.3338358277536
60,51.6641107947689
60,51.038678628928
50,50.7590399842111
50,51.3044833241663
50,51.4804553979903
50,51.5946660511017
60,62.2260318719726
100,65.3344282646268
40,66.1421681565567
50,116.420073491401
160,92.8877533137399
90,105.357053373612
110,102.867999133683
80,183.560467285033
290,259.384472044322
220,254.58980067319
170,251.88399302385
90,206.128697922309
600,125.745988513427
250,243.249200372811
70,65.1953539041153
70,38.7511588720407
60,41.1993623019534
60,45.8109246845375
420,162.824376312462
470,723.853211932463
620,615.073687212736
260,292.115528355153
80,71.3128104808911
80,70.1280210172661
70,70.3620254821402
70,71.8747558008206
60,72.9541155774495
60,74.9706183986784
60,77.0120347142166
70,53.2608265703625
60,49.8502595164841
60,50.2424982702658
40,50.5804811916151
60,51.0846492975407
50,50.5166457384748
60,57.6401453947305
60,59.0526522740289
50,64.3219036467804
50,126.94632471854
50,76.3512703924019
70,74.9324146868533
90,106.613848590537
70,135.286928589809
260,295.127791255387
190,261.206983730748
230,168.703364347655
60,63.9191356791127
100,87.1467102412586
100,94.4683960062314
270,407.619295874034
